filename,polygons
drp.en_ko.in_house.selectstar_003883.jpg,10 50 100 50 100 150 10 150|110 150 200 150 200 250 110 250
drp.en_ko.in_house.selectstar_000132.jpg,10 50 100 50 100 150 10 150|110 150 200 150 200 250 110 250
drp.en_ko.in_house.selectstar_001796.jpg,10 50 100 50 100 150 10 150|110 150 200 150 200 250 110 250
drp.en_ko.in_house.selectstar_001202.jpg,10 50 100 50 100 150 10 150|110 150 200 150 200 250 110 250
drp.en_ko.in_house.selectstar_002858.jpg,10 50 100 50 100 150 10 150|110 150 200 150 200 250 110 250
drp.en_ko.in_house.selectstar_002427.jpg,10 50 100 50 100 150 10 150|110 150 200 150 200 250 110 250
drp.en_ko.in_house.selectstar_004135.jpg,10 50 100 50 100 150 10 150|110 150 200 150 200 250 110 250
drp.en_ko.in_house.selectstar_000338.jpg,10 50 100 50 100 150 10 150|110 150 200 150 200 250 110 250
drp.en_ko.in_house.selectstar_000569.jpg,10 50 100 50 100 150 10 150|110 150 200 150 200 250 110 250
drp.en_ko.in_house.selectstar_003647.jpg,10 50 100 50 100 150 10 150|110 150 200 150 200 250 110 250
drp.en_ko.in_house.selectstar_003371.jpg,10 50 100 50 100 150 10 150|110 150 200 150 200 250 110 250
drp.en_ko.in_house.selectstar_003327.jpg,10 50 100 50 100 150 10 150|110 150 200 150 200 250 110 250
drp.en_ko.in_house.selectstar_000442.jpg,10 50 100 50 100 150 10 150|110 150 200 150 200 250 110 250
drp.en_ko.in_house.selectstar_003832.jpg,10 50 100 50 100 150 10 150|110 150 200 150 200 250 110 250
drp.en_ko.in_house.selectstar_002611.jpg,10 50 100 50 100 150 10 150|110 150 200 150 200 250 110 250
drp.en_ko.in_house.selectstar_000013.jpg,10 50 100 50 100 150 10 150|110 150 200 150 200 250 110 250
drp.en_ko.in_house.selectstar_004161.jpg,10 50 100 50 100 150 10 150|110 150 200 150 200 250 110 250
drp.en_ko.in_house.selectstar_003298.jpg,10 50 100 50 100 150 10 150|110 150 200 150 200 250 110 250
drp.en_ko.in_house.selectstar_003463.jpg,10 50 100 50 100 150 10 150|110 150 200 150 200 250 110 250
drp.en_ko.in_house.selectstar_000227.jpg,10 50 100 50 100 150 10 150|110 150 200 150 200 250 110 250
drp.en_ko.in_house.selectstar_003951.jpg,10 50 100 50 100 150 10 150|110 150 200 150 200 250 110 250
drp.en_ko.in_house.selectstar_003398.jpg,10 50 100 50 100 150 10 150|110 150 200 150 200 250 110 250
drp.en_ko.in_house.selectstar_001481.jpg,10 50 100 50 100 150 10 150|110 150 200 150 200 250 110 250
drp.en_ko.in_house.selectstar_002523.jpg,10 50 100 50 100 150 10 150|110 150 200 150 200 250 110 250
drp.en_ko.in_house.selectstar_001188.jpg,10 50 100 50 100 150 10 150|110 150 200 150 200 250 110 250
drp.en_ko.in_house.selectstar_001373.jpg,10 50 100 50 100 150 10 150|110 150 200 150 200 250 110 250
drp.en_ko.in_house.selectstar_003076.jpg,10 50 100 50 100 150 10 150|110 150 200 150 200 250 110 250
drp.en_ko.in_house.selectstar_003908.jpg,10 50 100 50 100 150 10 150|110 150 200 150 200 250 110 250
drp.en_ko.in_house.selectstar_002946.jpg,10 50 100 50 100 150 10 150|110 150 200 150 200 250 110 250
drp.en_ko.in_house.selectstar_001447.jpg,10 50 100 50 100 150 10 150|110 150 200 150 200 250 110 250
drp.en_ko.in_house.selectstar_000126.jpg,10 50 100 50 100 150 10 150|110 150 200 150 200 250 110 250
drp.en_ko.in_house.selectstar_000964.jpg,10 50 100 50 100 150 10 150|110 150 200 150 200 250 110 250
drp.en_ko.in_house.selectstar_003162.jpg,10 50 100 50 100 150 10 150|110 150 200 150 200 250 110 250
drp.en_ko.in_house.selectstar_001815.jpg,10 50 100 50 100 150 10 150|110 150 200 150 200 250 110 250
drp.en_ko.in_house.selectstar_003833.jpg,10 50 100 50 100 150 10 150|110 150 200 150 200 250 110 250
drp.en_ko.in_house.selectstar_002917.jpg,10 50 100 50 100 150 10 150|110 150 200 150 200 250 110 250
drp.en_ko.in_house.selectstar_002712.jpg,10 50 100 50 100 150 10 150|110 150 200 150 200 250 110 250
drp.en_ko.in_house.selectstar_003894.jpg,10 50 100 50 100 150 10 150|110 150 200 150 200 250 110 250
drp.en_ko.in_house.selectstar_002087.jpg,10 50 100 50 100 150 10 150|110 150 200 150 200 250 110 250
drp.en_ko.in_house.selectstar_003103.jpg,10 50 100 50 100 150 10 150|110 150 200 150 200 250 110 250
drp.en_ko.in_house.selectstar_001955.jpg,10 50 100 50 100 150 10 150|110 150 200 150 200 250 110 250
drp.en_ko.in_house.selectstar_003981.jpg,10 50 100 50 100 150 10 150|110 150 200 150 200 250 110 250
drp.en_ko.in_house.selectstar_002333.jpg,10 50 100 50 100 150 10 150|110 150 200 150 200 250 110 250
drp.en_ko.in_house.selectstar_001997.jpg,10 50 100 50 100 150 10 150|110 150 200 150 200 250 110 250
drp.en_ko.in_house.selectstar_002069.jpg,10 50 100 50 100 150 10 150|110 150 200 150 200 250 110 250
drp.en_ko.in_house.selectstar_000879.jpg,10 50 100 50 100 150 10 150|110 150 200 150 200 250 110 250
drp.en_ko.in_house.selectstar_000192.jpg,10 50 100 50 100 150 10 150|110 150 200 150 200 250 110 250
drp.en_ko.in_house.selectstar_000215.jpg,10 50 100 50 100 150 10 150|110 150 200 150 200 250 110 250
drp.en_ko.in_house.selectstar_001591.jpg,10 50 100 50 100 150 10 150|110 150 200 150 200 250 110 250
drp.en_ko.in_house.selectstar_003769.jpg,10 50 100 50 100 150 10 150|110 150 200 150 200 250 110 250
drp.en_ko.in_house.selectstar_001572.jpg,10 50 100 50 100 150 10 150|110 150 200 150 200 250 110 250
drp.en_ko.in_house.selectstar_001173.jpg,10 50 100 50 100 150 10 150|110 150 200 150 200 250 110 250
drp.en_ko.in_house.selectstar_000436.jpg,10 50 100 50 100 150 10 150|110 150 200 150 200 250 110 250
drp.en_ko.in_house.selectstar_002357.jpg,10 50 100 50 100 150 10 150|110 150 200 150 200 250 110 250
drp.en_ko.in_house.selectstar_000183.jpg,10 50 100 50 100 150 10 150|110 150 200 150 200 250 110 250
drp.en_ko.in_house.selectstar_003589.jpg,10 50 100 50 100 150 10 150|110 150 200 150 200 250 110 250
drp.en_ko.in_house.selectstar_000291.jpg,10 50 100 50 100 150 10 150|110 150 200 150 200 250 110 250
drp.en_ko.in_house.selectstar_001645.jpg,10 50 100 50 100 150 10 150|110 150 200 150 200 250 110 250
drp.en_ko.in_house.selectstar_002013.jpg,10 50 100 50 100 150 10 150|110 150 200 150 200 250 110 250
drp.en_ko.in_house.selectstar_003866.jpg,10 50 100 50 100 150 10 150|110 150 200 150 200 250 110 250
drp.en_ko.in_house.selectstar_000574.jpg,10 50 100 50 100 150 10 150|110 150 200 150 200 250 110 250
drp.en_ko.in_house.selectstar_003431.jpg,10 50 100 50 100 150 10 150|110 150 200 150 200 250 110 250
drp.en_ko.in_house.selectstar_003242.jpg,10 50 100 50 100 150 10 150|110 150 200 150 200 250 110 250
drp.en_ko.in_house.selectstar_001718.jpg,10 50 100 50 100 150 10 150|110 150 200 150 200 250 110 250
drp.en_ko.in_house.selectstar_000662.jpg,10 50 100 50 100 150 10 150|110 150 200 150 200 250 110 250
drp.en_ko.in_house.selectstar_003447.jpg,10 50 100 50 100 150 10 150|110 150 200 150 200 250 110 250
drp.en_ko.in_house.selectstar_003366.jpg,10 50 100 50 100 150 10 150|110 150 200 150 200 250 110 250
drp.en_ko.in_house.selectstar_000218.jpg,10 50 100 50 100 150 10 150|110 150 200 150 200 250 110 250
drp.en_ko.in_house.selectstar_003355.jpg,10 50 100 50 100 150 10 150|110 150 200 150 200 250 110 250
drp.en_ko.in_house.selectstar_003019.jpg,10 50 100 50 100 150 10 150|110 150 200 150 200 250 110 250
drp.en_ko.in_house.selectstar_003151.jpg,10 50 100 50 100 150 10 150|110 150 200 150 200 250 110 250
drp.en_ko.in_house.selectstar_004014.jpg,10 50 100 50 100 150 10 150|110 150 200 150 200 250 110 250
drp.en_ko.in_house.selectstar_000389.jpg,10 50 100 50 100 150 10 150|110 150 200 150 200 250 110 250
drp.en_ko.in_house.selectstar_000641.jpg,10 50 100 50 100 150 10 150|110 150 200 150 200 250 110 250
drp.en_ko.in_house.selectstar_001543.jpg,10 50 100 50 100 150 10 150|110 150 200 150 200 250 110 250
drp.en_ko.in_house.selectstar_003185.jpg,10 50 100 50 100 150 10 150|110 150 200 150 200 250 110 250
drp.en_ko.in_house.selectstar_003511.jpg,10 50 100 50 100 150 10 150|110 150 200 150 200 250 110 250
drp.en_ko.in_house.selectstar_004075.jpg,10 50 100 50 100 150 10 150|110 150 200 150 200 250 110 250
drp.en_ko.in_house.selectstar_003190.jpg,10 50 100 50 100 150 10 150|110 150 200 150 200 250 110 250
drp.en_ko.in_house.selectstar_004037.jpg,10 50 100 50 100 150 10 150|110 150 200 150 200 250 110 250
drp.en_ko.in_house.selectstar_001408.jpg,10 50 100 50 100 150 10 150|110 150 200 150 200 250 110 250
drp.en_ko.in_house.selectstar_000712.jpg,10 50 100 50 100 150 10 150|110 150 200 150 200 250 110 250
drp.en_ko.in_house.selectstar_003192.jpg,10 50 100 50 100 150 10 150|110 150 200 150 200 250 110 250
drp.en_ko.in_house.selectstar_000222.jpg,10 50 100 50 100 150 10 150|110 150 200 150 200 250 110 250
drp.en_ko.in_house.selectstar_000750.jpg,10 50 100 50 100 150 10 150|110 150 200 150 200 250 110 250
drp.en_ko.in_house.selectstar_004030.jpg,10 50 100 50 100 150 10 150|110 150 200 150 200 250 110 250
drp.en_ko.in_house.selectstar_003965.jpg,10 50 100 50 100 150 10 150|110 150 200 150 200 250 110 250
drp.en_ko.in_house.selectstar_003145.jpg,10 50 100 50 100 150 10 150|110 150 200 150 200 250 110 250
drp.en_ko.in_house.selectstar_002680.jpg,10 50 100 50 100 150 10 150|110 150 200 150 200 250 110 250
drp.en_ko.in_house.selectstar_001269.jpg,10 50 100 50 100 150 10 150|110 150 200 150 200 250 110 250
drp.en_ko.in_house.selectstar_002423.jpg,10 50 100 50 100 150 10 150|110 150 200 150 200 250 110 250
drp.en_ko.in_house.selectstar_001827.jpg,10 50 100 50 100 150 10 150|110 150 200 150 200 250 110 250
drp.en_ko.in_house.selectstar_002130.jpg,10 50 100 50 100 150 10 150|110 150 200 150 200 250 110 250
drp.en_ko.in_house.selectstar_001365.jpg,10 50 100 50 100 150 10 150|110 150 200 150 200 250 110 250
drp.en_ko.in_house.selectstar_001791.jpg,10 50 100 50 100 150 10 150|110 150 200 150 200 250 110 250
drp.en_ko.in_house.selectstar_000948.jpg,10 50 100 50 100 150 10 150|110 150 200 150 200 250 110 250
drp.en_ko.in_house.selectstar_001510.jpg,10 50 100 50 100 150 10 150|110 150 200 150 200 250 110 250
drp.en_ko.in_house.selectstar_003857.jpg,10 50 100 50 100 150 10 150|110 150 200 150 200 250 110 250
drp.en_ko.in_house.selectstar_002127.jpg,10 50 100 50 100 150 10 150|110 150 200 150 200 250 110 250
drp.en_ko.in_house.selectstar_002773.jpg,10 50 100 50 100 150 10 150|110 150 200 150 200 250 110 250
drp.en_ko.in_house.selectstar_004077.jpg,10 50 100 50 100 150 10 150|110 150 200 150 200 250 110 250
drp.en_ko.in_house.selectstar_000029.jpg,10 50 100 50 100 150 10 150|110 150 200 150 200 250 110 250
drp.en_ko.in_house.selectstar_001489.jpg,10 50 100 50 100 150 10 150|110 150 200 150 200 250 110 250
drp.en_ko.in_house.selectstar_003898.jpg,10 50 100 50 100 150 10 150|110 150 200 150 200 250 110 250
drp.en_ko.in_house.selectstar_003477.jpg,10 50 100 50 100 150 10 150|110 150 200 150 200 250 110 250
drp.en_ko.in_house.selectstar_004179.jpg,10 50 100 50 100 150 10 150|110 150 200 150 200 250 110 250
drp.en_ko.in_house.selectstar_001490.jpg,10 50 100 50 100 150 10 150|110 150 200 150 200 250 110 250
drp.en_ko.in_house.selectstar_001968.jpg,10 50 100 50 100 150 10 150|110 150 200 150 200 250 110 250
drp.en_ko.in_house.selectstar_001821.jpg,10 50 100 50 100 150 10 150|110 150 200 150 200 250 110 250
drp.en_ko.in_house.selectstar_000978.jpg,10 50 100 50 100 150 10 150|110 150 200 150 200 250 110 250
drp.en_ko.in_house.selectstar_001781.jpg,10 50 100 50 100 150 10 150|110 150 200 150 200 250 110 250
drp.en_ko.in_house.selectstar_003282.jpg,10 50 100 50 100 150 10 150|110 150 200 150 200 250 110 250
drp.en_ko.in_house.selectstar_001074.jpg,10 50 100 50 100 150 10 150|110 150 200 150 200 250 110 250
drp.en_ko.in_house.selectstar_000178.jpg,10 50 100 50 100 150 10 150|110 150 200 150 200 250 110 250
drp.en_ko.in_house.selectstar_000770.jpg,10 50 100 50 100 150 10 150|110 150 200 150 200 250 110 250
drp.en_ko.in_house.selectstar_000960.jpg,10 50 100 50 100 150 10 150|110 150 200 150 200 250 110 250
drp.en_ko.in_house.selectstar_000464.jpg,10 50 100 50 100 150 10 150|110 150 200 150 200 250 110 250
drp.en_ko.in_house.selectstar_000797.jpg,10 50 100 50 100 150 10 150|110 150 200 150 200 250 110 250
drp.en_ko.in_house.selectstar_001660.jpg,10 50 100 50 100 150 10 150|110 150 200 150 200 250 110 250
drp.en_ko.in_house.selectstar_000242.jpg,10 50 100 50 100 150 10 150|110 150 200 150 200 250 110 250
drp.en_ko.in_house.selectstar_002152.jpg,10 50 100 50 100 150 10 150|110 150 200 150 200 250 110 250
drp.en_ko.in_house.selectstar_001056.jpg,10 50 100 50 100 150 10 150|110 150 200 150 200 250 110 250
drp.en_ko.in_house.selectstar_002267.jpg,10 50 100 50 100 150 10 150|110 150 200 150 200 250 110 250
drp.en_ko.in_house.selectstar_004101.jpg,10 50 100 50 100 150 10 150|110 150 200 150 200 250 110 250
drp.en_ko.in_house.selectstar_003806.jpg,10 50 100 50 100 150 10 150|110 150 200 150 200 250 110 250
drp.en_ko.in_house.selectstar_001971.jpg,10 50 100 50 100 150 10 150|110 150 200 150 200 250 110 250
drp.en_ko.in_house.selectstar_002947.jpg,10 50 100 50 100 150 10 150|110 150 200 150 200 250 110 250
drp.en_ko.in_house.selectstar_003243.jpg,10 50 100 50 100 150 10 150|110 150 200 150 200 250 110 250
drp.en_ko.in_house.selectstar_003829.jpg,10 50 100 50 100 150 10 150|110 150 200 150 200 250 110 250
drp.en_ko.in_house.selectstar_002559.jpg,10 50 100 50 100 150 10 150|110 150 200 150 200 250 110 250
drp.en_ko.in_house.selectstar_000976.jpg,10 50 100 50 100 150 10 150|110 150 200 150 200 250 110 250
drp.en_ko.in_house.selectstar_003791.jpg,10 50 100 50 100 150 10 150|110 150 200 150 200 250 110 250
drp.en_ko.in_house.selectstar_001263.jpg,10 50 100 50 100 150 10 150|110 150 200 150 200 250 110 250
drp.en_ko.in_house.selectstar_003878.jpg,10 50 100 50 100 150 10 150|110 150 200 150 200 250 110 250
drp.en_ko.in_house.selectstar_003690.jpg,10 50 100 50 100 150 10 150|110 150 200 150 200 250 110 250
drp.en_ko.in_house.selectstar_000017.jpg,10 50 100 50 100 150 10 150|110 150 200 150 200 250 110 250
drp.en_ko.in_house.selectstar_002175.jpg,10 50 100 50 100 150 10 150|110 150 200 150 200 250 110 250
drp.en_ko.in_house.selectstar_000025.jpg,10 50 100 50 100 150 10 150|110 150 200 150 200 250 110 250
drp.en_ko.in_house.selectstar_004066.jpg,10 50 100 50 100 150 10 150|110 150 200 150 200 250 110 250
drp.en_ko.in_house.selectstar_002457.jpg,10 50 100 50 100 150 10 150|110 150 200 150 200 250 110 250
drp.en_ko.in_house.selectstar_000734.jpg,10 50 100 50 100 150 10 150|110 150 200 150 200 250 110 250
drp.en_ko.in_house.selectstar_002316.jpg,10 50 100 50 100 150 10 150|110 150 200 150 200 250 110 250
drp.en_ko.in_house.selectstar_000881.jpg,10 50 100 50 100 150 10 150|110 150 200 150 200 250 110 250
drp.en_ko.in_house.selectstar_002455.jpg,10 50 100 50 100 150 10 150|110 150 200 150 200 250 110 250
drp.en_ko.in_house.selectstar_000325.jpg,10 50 100 50 100 150 10 150|110 150 200 150 200 250 110 250
drp.en_ko.in_house.selectstar_002425.jpg,10 50 100 50 100 150 10 150|110 150 200 150 200 250 110 250
drp.en_ko.in_house.selectstar_002352.jpg,10 50 100 50 100 150 10 150|110 150 200 150 200 250 110 250
drp.en_ko.in_house.selectstar_001108.jpg,10 50 100 50 100 150 10 150|110 150 200 150 200 250 110 250
drp.en_ko.in_house.selectstar_000579.jpg,10 50 100 50 100 150 10 150|110 150 200 150 200 250 110 250
drp.en_ko.in_house.selectstar_002197.jpg,10 50 100 50 100 150 10 150|110 150 200 150 200 250 110 250
drp.en_ko.in_house.selectstar_004061.jpg,10 50 100 50 100 150 10 150|110 150 200 150 200 250 110 250
drp.en_ko.in_house.selectstar_002944.jpg,10 50 100 50 100 150 10 150|110 150 200 150 200 250 110 250
drp.en_ko.in_house.selectstar_000512.jpg,10 50 100 50 100 150 10 150|110 150 200 150 200 250 110 250
drp.en_ko.in_house.selectstar_003920.jpg,10 50 100 50 100 150 10 150|110 150 200 150 200 250 110 250
drp.en_ko.in_house.selectstar_003722.jpg,10 50 100 50 100 150 10 150|110 150 200 150 200 250 110 250
drp.en_ko.in_house.selectstar_001462.jpg,10 50 100 50 100 150 10 150|110 150 200 150 200 250 110 250
drp.en_ko.in_house.selectstar_001374.jpg,10 50 100 50 100 150 10 150|110 150 200 150 200 250 110 250
drp.en_ko.in_house.selectstar_001726.jpg,10 50 100 50 100 150 10 150|110 150 200 150 200 250 110 250
drp.en_ko.in_house.selectstar_002703.jpg,10 50 100 50 100 150 10 150|110 150 200 150 200 250 110 250
drp.en_ko.in_house.selectstar_000708.jpg,10 50 100 50 100 150 10 150|110 150 200 150 200 250 110 250
drp.en_ko.in_house.selectstar_002188.jpg,10 50 100 50 100 150 10 150|110 150 200 150 200 250 110 250
drp.en_ko.in_house.selectstar_003761.jpg,10 50 100 50 100 150 10 150|110 150 200 150 200 250 110 250
drp.en_ko.in_house.selectstar_003604.jpg,10 50 100 50 100 150 10 150|110 150 200 150 200 250 110 250
drp.en_ko.in_house.selectstar_003536.jpg,10 50 100 50 100 150 10 150|110 150 200 150 200 250 110 250
drp.en_ko.in_house.selectstar_003636.jpg,10 50 100 50 100 150 10 150|110 150 200 150 200 250 110 250
drp.en_ko.in_house.selectstar_001621.jpg,10 50 100 50 100 150 10 150|110 150 200 150 200 250 110 250
drp.en_ko.in_house.selectstar_003568.jpg,10 50 100 50 100 150 10 150|110 150 200 150 200 250 110 250
drp.en_ko.in_house.selectstar_000768.jpg,10 50 100 50 100 150 10 150|110 150 200 150 200 250 110 250
drp.en_ko.in_house.selectstar_003865.jpg,10 50 100 50 100 150 10 150|110 150 200 150 200 250 110 250
drp.en_ko.in_house.selectstar_002376.jpg,10 50 100 50 100 150 10 150|110 150 200 150 200 250 110 250
drp.en_ko.in_house.selectstar_003020.jpg,10 50 100 50 100 150 10 150|110 150 200 150 200 250 110 250
drp.en_ko.in_house.selectstar_003891.jpg,10 50 100 50 100 150 10 150|110 150 200 150 200 250 110 250
drp.en_ko.in_house.selectstar_001556.jpg,10 50 100 50 100 150 10 150|110 150 200 150 200 250 110 250
drp.en_ko.in_house.selectstar_002407.jpg,10 50 100 50 100 150 10 150|110 150 200 150 200 250 110 250
drp.en_ko.in_house.selectstar_002119.jpg,10 50 100 50 100 150 10 150|110 150 200 150 200 250 110 250
drp.en_ko.in_house.selectstar_003706.jpg,10 50 100 50 100 150 10 150|110 150 200 150 200 250 110 250
drp.en_ko.in_house.selectstar_002617.jpg,10 50 100 50 100 150 10 150|110 150 200 150 200 250 110 250
drp.en_ko.in_house.selectstar_000076.jpg,10 50 100 50 100 150 10 150|110 150 200 150 200 250 110 250
drp.en_ko.in_house.selectstar_002281.jpg,10 50 100 50 100 150 10 150|110 150 200 150 200 250 110 250
drp.en_ko.in_house.selectstar_003970.jpg,10 50 100 50 100 150 10 150|110 150 200 150 200 250 110 250
drp.en_ko.in_house.selectstar_000339.jpg,10 50 100 50 100 150 10 150|110 150 200 150 200 250 110 250
drp.en_ko.in_house.selectstar_000035.jpg,10 50 100 50 100 150 10 150|110 150 200 150 200 250 110 250
drp.en_ko.in_house.selectstar_000951.jpg,10 50 100 50 100 150 10 150|110 150 200 150 200 250 110 250
drp.en_ko.in_house.selectstar_002120.jpg,10 50 100 50 100 150 10 150|110 150 200 150 200 250 110 250
drp.en_ko.in_house.selectstar_002619.jpg,10 50 100 50 100 150 10 150|110 150 200 150 200 250 110 250
drp.en_ko.in_house.selectstar_003757.jpg,10 50 100 50 100 150 10 150|110 150 200 150 200 250 110 250
drp.en_ko.in_house.selectstar_001336.jpg,10 50 100 50 100 150 10 150|110 150 200 150 200 250 110 250
drp.en_ko.in_house.selectstar_001573.jpg,10 50 100 50 100 150 10 150|110 150 200 150 200 250 110 250
drp.en_ko.in_house.selectstar_002255.jpg,10 50 100 50 100 150 10 150|110 150 200 150 200 250 110 250
drp.en_ko.in_house.selectstar_001558.jpg,10 50 100 50 100 150 10 150|110 150 200 150 200 250 110 250
drp.en_ko.in_house.selectstar_001910.jpg,10 50 100 50 100 150 10 150|110 150 200 150 200 250 110 250
drp.en_ko.in_house.selectstar_002902.jpg,10 50 100 50 100 150 10 150|110 150 200 150 200 250 110 250
drp.en_ko.in_house.selectstar_000907.jpg,10 50 100 50 100 150 10 150|110 150 200 150 200 250 110 250
drp.en_ko.in_house.selectstar_003137.jpg,10 50 100 50 100 150 10 150|110 150 200 150 200 250 110 250
drp.en_ko.in_house.selectstar_003372.jpg,10 50 100 50 100 150 10 150|110 150 200 150 200 250 110 250
drp.en_ko.in_house.selectstar_000761.jpg,10 50 100 50 100 150 10 150|110 150 200 150 200 250 110 250
drp.en_ko.in_house.selectstar_003301.jpg,10 50 100 50 100 150 10 150|110 150 200 150 200 250 110 250
drp.en_ko.in_house.selectstar_000515.jpg,10 50 100 50 100 150 10 150|110 150 200 150 200 250 110 250
drp.en_ko.in_house.selectstar_004064.jpg,10 50 100 50 100 150 10 150|110 150 200 150 200 250 110 250
drp.en_ko.in_house.selectstar_002214.jpg,10 50 100 50 100 150 10 150|110 150 200 150 200 250 110 250
drp.en_ko.in_house.selectstar_002595.jpg,10 50 100 50 100 150 10 150|110 150 200 150 200 250 110 250
drp.en_ko.in_house.selectstar_001161.jpg,10 50 100 50 100 150 10 150|110 150 200 150 200 250 110 250
drp.en_ko.in_house.selectstar_003154.jpg,10 50 100 50 100 150 10 150|110 150 200 150 200 250 110 250
drp.en_ko.in_house.selectstar_003089.jpg,10 50 100 50 100 150 10 150|110 150 200 150 200 250 110 250
drp.en_ko.in_house.selectstar_001948.jpg,10 50 100 50 100 150 10 150|110 150 200 150 200 250 110 250
drp.en_ko.in_house.selectstar_000280.jpg,10 50 100 50 100 150 10 150|110 150 200 150 200 250 110 250
drp.en_ko.in_house.selectstar_000843.jpg,10 50 100 50 100 150 10 150|110 150 200 150 200 250 110 250
drp.en_ko.in_house.selectstar_001076.jpg,10 50 100 50 100 150 10 150|110 150 200 150 200 250 110 250
drp.en_ko.in_house.selectstar_003773.jpg,10 50 100 50 100 150 10 150|110 150 200 150 200 250 110 250
drp.en_ko.in_house.selectstar_003812.jpg,10 50 100 50 100 150 10 150|110 150 200 150 200 250 110 250
drp.en_ko.in_house.selectstar_003123.jpg,10 50 100 50 100 150 10 150|110 150 200 150 200 250 110 250
drp.en_ko.in_house.selectstar_001449.jpg,10 50 100 50 100 150 10 150|110 150 200 150 200 250 110 250
drp.en_ko.in_house.selectstar_000672.jpg,10 50 100 50 100 150 10 150|110 150 200 150 200 250 110 250
drp.en_ko.in_house.selectstar_003944.jpg,10 50 100 50 100 150 10 150|110 150 200 150 200 250 110 250
drp.en_ko.in_house.selectstar_002557.jpg,10 50 100 50 100 150 10 150|110 150 200 150 200 250 110 250
drp.en_ko.in_house.selectstar_004060.jpg,10 50 100 50 100 150 10 150|110 150 200 150 200 250 110 250
drp.en_ko.in_house.selectstar_000418.jpg,10 50 100 50 100 150 10 150|110 150 200 150 200 250 110 250
drp.en_ko.in_house.selectstar_000699.jpg,10 50 100 50 100 150 10 150|110 150 200 150 200 250 110 250
drp.en_ko.in_house.selectstar_000467.jpg,10 50 100 50 100 150 10 150|110 150 200 150 200 250 110 250
drp.en_ko.in_house.selectstar_002715.jpg,10 50 100 50 100 150 10 150|110 150 200 150 200 250 110 250
drp.en_ko.in_house.selectstar_000453.jpg,10 50 100 50 100 150 10 150|110 150 200 150 200 250 110 250
drp.en_ko.in_house.selectstar_000921.jpg,10 50 100 50 100 150 10 150|110 150 200 150 200 250 110 250
drp.en_ko.in_house.selectstar_001237.jpg,10 50 100 50 100 150 10 150|110 150 200 150 200 250 110 250
drp.en_ko.in_house.selectstar_000677.jpg,10 50 100 50 100 150 10 150|110 150 200 150 200 250 110 250
drp.en_ko.in_house.selectstar_002794.jpg,10 50 100 50 100 150 10 150|110 150 200 150 200 250 110 250
drp.en_ko.in_house.selectstar_004139.jpg,10 50 100 50 100 150 10 150|110 150 200 150 200 250 110 250
drp.en_ko.in_house.selectstar_001837.jpg,10 50 100 50 100 150 10 150|110 150 200 150 200 250 110 250
drp.en_ko.in_house.selectstar_000883.jpg,10 50 100 50 100 150 10 150|110 150 200 150 200 250 110 250
drp.en_ko.in_house.selectstar_000810.jpg,10 50 100 50 100 150 10 150|110 150 200 150 200 250 110 250
drp.en_ko.in_house.selectstar_003615.jpg,10 50 100 50 100 150 10 150|110 150 200 150 200 250 110 250
drp.en_ko.in_house.selectstar_003601.jpg,10 50 100 50 100 150 10 150|110 150 200 150 200 250 110 250
drp.en_ko.in_house.selectstar_000400.jpg,10 50 100 50 100 150 10 150|110 150 200 150 200 250 110 250
drp.en_ko.in_house.selectstar_000335.jpg,10 50 100 50 100 150 10 150|110 150 200 150 200 250 110 250
drp.en_ko.in_house.selectstar_001503.jpg,10 50 100 50 100 150 10 150|110 150 200 150 200 250 110 250
drp.en_ko.in_house.selectstar_001196.jpg,10 50 100 50 100 150 10 150|110 150 200 150 200 250 110 250
drp.en_ko.in_house.selectstar_003796.jpg,10 50 100 50 100 150 10 150|110 150 200 150 200 250 110 250
drp.en_ko.in_house.selectstar_003859.jpg,10 50 100 50 100 150 10 150|110 150 200 150 200 250 110 250
drp.en_ko.in_house.selectstar_000751.jpg,10 50 100 50 100 150 10 150|110 150 200 150 200 250 110 250
drp.en_ko.in_house.selectstar_001092.jpg,10 50 100 50 100 150 10 150|110 150 200 150 200 250 110 250
drp.en_ko.in_house.selectstar_003445.jpg,10 50 100 50 100 150 10 150|110 150 200 150 200 250 110 250
drp.en_ko.in_house.selectstar_002053.jpg,10 50 100 50 100 150 10 150|110 150 200 150 200 250 110 250
drp.en_ko.in_house.selectstar_000587.jpg,10 50 100 50 100 150 10 150|110 150 200 150 200 250 110 250
drp.en_ko.in_house.selectstar_001007.jpg,10 50 100 50 100 150 10 150|110 150 200 150 200 250 110 250
drp.en_ko.in_house.selectstar_000494.jpg,10 50 100 50 100 150 10 150|110 150 200 150 200 250 110 250
drp.en_ko.in_house.selectstar_003015.jpg,10 50 100 50 100 150 10 150|110 150 200 150 200 250 110 250
drp.en_ko.in_house.selectstar_000306.jpg,10 50 100 50 100 150 10 150|110 150 200 150 200 250 110 250
drp.en_ko.in_house.selectstar_000732.jpg,10 50 100 50 100 150 10 150|110 150 200 150 200 250 110 250
drp.en_ko.in_house.selectstar_000238.jpg,10 50 100 50 100 150 10 150|110 150 200 150 200 250 110 250
drp.en_ko.in_house.selectstar_000435.jpg,10 50 100 50 100 150 10 150|110 150 200 150 200 250 110 250
drp.en_ko.in_house.selectstar_000502.jpg,10 50 100 50 100 150 10 150|110 150 200 150 200 250 110 250
drp.en_ko.in_house.selectstar_004124.jpg,10 50 100 50 100 150 10 150|110 150 200 150 200 250 110 250
drp.en_ko.in_house.selectstar_001707.jpg,10 50 100 50 100 150 10 150|110 150 200 150 200 250 110 250
drp.en_ko.in_house.selectstar_002691.jpg,10 50 100 50 100 150 10 150|110 150 200 150 200 250 110 250
drp.en_ko.in_house.selectstar_002200.jpg,10 50 100 50 100 150 10 150|110 150 200 150 200 250 110 250
drp.en_ko.in_house.selectstar_000425.jpg,10 50 100 50 100 150 10 150|110 150 200 150 200 250 110 250
drp.en_ko.in_house.selectstar_002597.jpg,10 50 100 50 100 150 10 150|110 150 200 150 200 250 110 250
drp.en_ko.in_house.selectstar_000696.jpg,10 50 100 50 100 150 10 150|110 150 200 150 200 250 110 250
drp.en_ko.in_house.selectstar_003889.jpg,10 50 100 50 100 150 10 150|110 150 200 150 200 250 110 250
drp.en_ko.in_house.selectstar_002236.jpg,10 50 100 50 100 150 10 150|110 150 200 150 200 250 110 250
drp.en_ko.in_house.selectstar_000116.jpg,10 50 100 50 100 150 10 150|110 150 200 150 200 250 110 250
drp.en_ko.in_house.selectstar_002618.jpg,10 50 100 50 100 150 10 150|110 150 200 150 200 250 110 250
drp.en_ko.in_house.selectstar_001386.jpg,10 50 100 50 100 150 10 150|110 150 200 150 200 250 110 250
drp.en_ko.in_house.selectstar_002570.jpg,10 50 100 50 100 150 10 150|110 150 200 150 200 250 110 250
drp.en_ko.in_house.selectstar_002446.jpg,10 50 100 50 100 150 10 150|110 150 200 150 200 250 110 250
drp.en_ko.in_house.selectstar_000908.jpg,10 50 100 50 100 150 10 150|110 150 200 150 200 250 110 250
drp.en_ko.in_house.selectstar_001654.jpg,10 50 100 50 100 150 10 150|110 150 200 150 200 250 110 250
drp.en_ko.in_house.selectstar_000690.jpg,10 50 100 50 100 150 10 150|110 150 200 150 200 250 110 250
drp.en_ko.in_house.selectstar_002206.jpg,10 50 100 50 100 150 10 150|110 150 200 150 200 250 110 250
drp.en_ko.in_house.selectstar_002513.jpg,10 50 100 50 100 150 10 150|110 150 200 150 200 250 110 250
drp.en_ko.in_house.selectstar_000510.jpg,10 50 100 50 100 150 10 150|110 150 200 150 200 250 110 250
drp.en_ko.in_house.selectstar_001590.jpg,10 50 100 50 100 150 10 150|110 150 200 150 200 250 110 250
drp.en_ko.in_house.selectstar_000167.jpg,10 50 100 50 100 150 10 150|110 150 200 150 200 250 110 250
drp.en_ko.in_house.selectstar_003606.jpg,10 50 100 50 100 150 10 150|110 150 200 150 200 250 110 250
drp.en_ko.in_house.selectstar_002511.jpg,10 50 100 50 100 150 10 150|110 150 200 150 200 250 110 250
drp.en_ko.in_house.selectstar_000649.jpg,10 50 100 50 100 150 10 150|110 150 200 150 200 250 110 250
drp.en_ko.in_house.selectstar_002304.jpg,10 50 100 50 100 150 10 150|110 150 200 150 200 250 110 250
drp.en_ko.in_house.selectstar_002285.jpg,10 50 100 50 100 150 10 150|110 150 200 150 200 250 110 250
drp.en_ko.in_house.selectstar_000542.jpg,10 50 100 50 100 150 10 150|110 150 200 150 200 250 110 250
drp.en_ko.in_house.selectstar_002491.jpg,10 50 100 50 100 150 10 150|110 150 200 150 200 250 110 250
drp.en_ko.in_house.selectstar_003932.jpg,10 50 100 50 100 150 10 150|110 150 200 150 200 250 110 250
drp.en_ko.in_house.selectstar_003525.jpg,10 50 100 50 100 150 10 150|110 150 200 150 200 250 110 250
drp.en_ko.in_house.selectstar_003695.jpg,10 50 100 50 100 150 10 150|110 150 200 150 200 250 110 250
drp.en_ko.in_house.selectstar_002408.jpg,10 50 100 50 100 150 10 150|110 150 200 150 200 250 110 250
drp.en_ko.in_house.selectstar_003934.jpg,10 50 100 50 100 150 10 150|110 150 200 150 200 250 110 250
drp.en_ko.in_house.selectstar_002997.jpg,10 50 100 50 100 150 10 150|110 150 200 150 200 250 110 250
drp.en_ko.in_house.selectstar_002411.jpg,10 50 100 50 100 150 10 150|110 150 200 150 200 250 110 250
drp.en_ko.in_house.selectstar_003704.jpg,10 50 100 50 100 150 10 150|110 150 200 150 200 250 110 250
drp.en_ko.in_house.selectstar_000180.jpg,10 50 100 50 100 150 10 150|110 150 200 150 200 250 110 250
drp.en_ko.in_house.selectstar_000760.jpg,10 50 100 50 100 150 10 150|110 150 200 150 200 250 110 250
drp.en_ko.in_house.selectstar_000740.jpg,10 50 100 50 100 150 10 150|110 150 200 150 200 250 110 250
drp.en_ko.in_house.selectstar_002461.jpg,10 50 100 50 100 150 10 150|110 150 200 150 200 250 110 250
drp.en_ko.in_house.selectstar_001416.jpg,10 50 100 50 100 150 10 150|110 150 200 150 200 250 110 250
drp.en_ko.in_house.selectstar_001142.jpg,10 50 100 50 100 150 10 150|110 150 200 150 200 250 110 250
drp.en_ko.in_house.selectstar_000413.jpg,10 50 100 50 100 150 10 150|110 150 200 150 200 250 110 250
drp.en_ko.in_house.selectstar_002702.jpg,10 50 100 50 100 150 10 150|110 150 200 150 200 250 110 250
drp.en_ko.in_house.selectstar_001850.jpg,10 50 100 50 100 150 10 150|110 150 200 150 200 250 110 250
drp.en_ko.in_house.selectstar_004178.jpg,10 50 100 50 100 150 10 150|110 150 200 150 200 250 110 250
drp.en_ko.in_house.selectstar_003155.jpg,10 50 100 50 100 150 10 150|110 150 200 150 200 250 110 250
drp.en_ko.in_house.selectstar_000439.jpg,10 50 100 50 100 150 10 150|110 150 200 150 200 250 110 250
drp.en_ko.in_house.selectstar_002983.jpg,10 50 100 50 100 150 10 150|110 150 200 150 200 250 110 250
drp.en_ko.in_house.selectstar_001532.jpg,10 50 100 50 100 150 10 150|110 150 200 150 200 250 110 250
drp.en_ko.in_house.selectstar_002564.jpg,10 50 100 50 100 150 10 150|110 150 200 150 200 250 110 250
drp.en_ko.in_house.selectstar_003195.jpg,10 50 100 50 100 150 10 150|110 150 200 150 200 250 110 250
drp.en_ko.in_house.selectstar_002160.jpg,10 50 100 50 100 150 10 150|110 150 200 150 200 250 110 250
drp.en_ko.in_house.selectstar_000715.jpg,10 50 100 50 100 150 10 150|110 150 200 150 200 250 110 250
drp.en_ko.in_house.selectstar_001284.jpg,10 50 100 50 100 150 10 150|110 150 200 150 200 250 110 250
drp.en_ko.in_house.selectstar_001758.jpg,10 50 100 50 100 150 10 150|110 150 200 150 200 250 110 250
drp.en_ko.in_house.selectstar_000103.jpg,10 50 100 50 100 150 10 150|110 150 200 150 200 250 110 250
drp.en_ko.in_house.selectstar_002971.jpg,10 50 100 50 100 150 10 150|110 150 200 150 200 250 110 250
drp.en_ko.in_house.selectstar_000630.jpg,10 50 100 50 100 150 10 150|110 150 200 150 200 250 110 250
drp.en_ko.in_house.selectstar_003189.jpg,10 50 100 50 100 150 10 150|110 150 200 150 200 250 110 250
drp.en_ko.in_house.selectstar_001653.jpg,10 50 100 50 100 150 10 150|110 150 200 150 200 250 110 250
drp.en_ko.in_house.selectstar_002351.jpg,10 50 100 50 100 150 10 150|110 150 200 150 200 250 110 250
drp.en_ko.in_house.selectstar_000168.jpg,10 50 100 50 100 150 10 150|110 150 200 150 200 250 110 250
drp.en_ko.in_house.selectstar_000605.jpg,10 50 100 50 100 150 10 150|110 150 200 150 200 250 110 250
drp.en_ko.in_house.selectstar_000251.jpg,10 50 100 50 100 150 10 150|110 150 200 150 200 250 110 250
drp.en_ko.in_house.selectstar_002767.jpg,10 50 100 50 100 150 10 150|110 150 200 150 200 250 110 250
drp.en_ko.in_house.selectstar_000382.jpg,10 50 100 50 100 150 10 150|110 150 200 150 200 250 110 250
drp.en_ko.in_house.selectstar_003798.jpg,10 50 100 50 100 150 10 150|110 150 200 150 200 250 110 250
drp.en_ko.in_house.selectstar_000578.jpg,10 50 100 50 100 150 10 150|110 150 200 150 200 250 110 250
drp.en_ko.in_house.selectstar_001649.jpg,10 50 100 50 100 150 10 150|110 150 200 150 200 250 110 250
drp.en_ko.in_house.selectstar_003299.jpg,10 50 100 50 100 150 10 150|110 150 200 150 200 250 110 250
drp.en_ko.in_house.selectstar_002738.jpg,10 50 100 50 100 150 10 150|110 150 200 150 200 250 110 250
drp.en_ko.in_house.selectstar_004036.jpg,10 50 100 50 100 150 10 150|110 150 200 150 200 250 110 250
drp.en_ko.in_house.selectstar_001079.jpg,10 50 100 50 100 150 10 150|110 150 200 150 200 250 110 250
drp.en_ko.in_house.selectstar_003580.jpg,10 50 100 50 100 150 10 150|110 150 200 150 200 250 110 250
drp.en_ko.in_house.selectstar_000645.jpg,10 50 100 50 100 150 10 150|110 150 200 150 200 250 110 250
drp.en_ko.in_house.selectstar_001030.jpg,10 50 100 50 100 150 10 150|110 150 200 150 200 250 110 250
drp.en_ko.in_house.selectstar_000111.jpg,10 50 100 50 100 150 10 150|110 150 200 150 200 250 110 250
drp.en_ko.in_house.selectstar_000437.jpg,10 50 100 50 100 150 10 150|110 150 200 150 200 250 110 250
drp.en_ko.in_house.selectstar_003258.jpg,10 50 100 50 100 150 10 150|110 150 200 150 200 250 110 250
drp.en_ko.in_house.selectstar_004130.jpg,10 50 100 50 100 150 10 150|110 150 200 150 200 250 110 250
drp.en_ko.in_house.selectstar_000398.jpg,10 50 100 50 100 150 10 150|110 150 200 150 200 250 110 250
drp.en_ko.in_house.selectstar_002147.jpg,10 50 100 50 100 150 10 150|110 150 200 150 200 250 110 250
drp.en_ko.in_house.selectstar_002935.jpg,10 50 100 50 100 150 10 150|110 150 200 150 200 250 110 250
drp.en_ko.in_house.selectstar_000002.jpg,10 50 100 50 100 150 10 150|110 150 200 150 200 250 110 250
drp.en_ko.in_house.selectstar_002133.jpg,10 50 100 50 100 150 10 150|110 150 200 150 200 250 110 250
drp.en_ko.in_house.selectstar_002060.jpg,10 50 100 50 100 150 10 150|110 150 200 150 200 250 110 250
drp.en_ko.in_house.selectstar_002700.jpg,10 50 100 50 100 150 10 150|110 150 200 150 200 250 110 250
drp.en_ko.in_house.selectstar_003399.jpg,10 50 100 50 100 150 10 150|110 150 200 150 200 250 110 250
drp.en_ko.in_house.selectstar_002507.jpg,10 50 100 50 100 150 10 150|110 150 200 150 200 250 110 250
drp.en_ko.in_house.selectstar_003348.jpg,10 50 100 50 100 150 10 150|110 150 200 150 200 250 110 250
drp.en_ko.in_house.selectstar_001530.jpg,10 50 100 50 100 150 10 150|110 150 200 150 200 250 110 250
drp.en_ko.in_house.selectstar_002143.jpg,10 50 100 50 100 150 10 150|110 150 200 150 200 250 110 250
drp.en_ko.in_house.selectstar_001062.jpg,10 50 100 50 100 150 10 150|110 150 200 150 200 250 110 250
drp.en_ko.in_house.selectstar_001347.jpg,10 50 100 50 100 150 10 150|110 150 200 150 200 250 110 250
drp.en_ko.in_house.selectstar_003415.jpg,10 50 100 50 100 150 10 150|110 150 200 150 200 250 110 250
drp.en_ko.in_house.selectstar_004067.jpg,10 50 100 50 100 150 10 150|110 150 200 150 200 250 110 250
drp.en_ko.in_house.selectstar_000738.jpg,10 50 100 50 100 150 10 150|110 150 200 150 200 250 110 250
drp.en_ko.in_house.selectstar_003684.jpg,10 50 100 50 100 150 10 150|110 150 200 150 200 250 110 250
drp.en_ko.in_house.selectstar_001289.jpg,10 50 100 50 100 150 10 150|110 150 200 150 200 250 110 250
drp.en_ko.in_house.selectstar_000933.jpg,10 50 100 50 100 150 10 150|110 150 200 150 200 250 110 250
drp.en_ko.in_house.selectstar_002500.jpg,10 50 100 50 100 150 10 150|110 150 200 150 200 250 110 250
drp.en_ko.in_house.selectstar_001402.jpg,10 50 100 50 100 150 10 150|110 150 200 150 200 250 110 250
drp.en_ko.in_house.selectstar_004148.jpg,10 50 100 50 100 150 10 150|110 150 200 150 200 250 110 250
drp.en_ko.in_house.selectstar_000478.jpg,10 50 100 50 100 150 10 150|110 150 200 150 200 250 110 250
drp.en_ko.in_house.selectstar_000755.jpg,10 50 100 50 100 150 10 150|110 150 200 150 200 250 110 250
drp.en_ko.in_house.selectstar_003566.jpg,10 50 100 50 100 150 10 150|110 150 200 150 200 250 110 250
drp.en_ko.in_house.selectstar_000151.jpg,10 50 100 50 100 150 10 150|110 150 200 150 200 250 110 250
drp.en_ko.in_house.selectstar_001623.jpg,10 50 100 50 100 150 10 150|110 150 200 150 200 250 110 250
drp.en_ko.in_house.selectstar_003744.jpg,10 50 100 50 100 150 10 150|110 150 200 150 200 250 110 250
drp.en_ko.in_house.selectstar_000031.jpg,10 50 100 50 100 150 10 150|110 150 200 150 200 250 110 250
drp.en_ko.in_house.selectstar_002343.jpg,10 50 100 50 100 150 10 150|110 150 200 150 200 250 110 250
drp.en_ko.in_house.selectstar_000780.jpg,10 50 100 50 100 150 10 150|110 150 200 150 200 250 110 250
drp.en_ko.in_house.selectstar_003774.jpg,10 50 100 50 100 150 10 150|110 150 200 150 200 250 110 250
drp.en_ko.in_house.selectstar_000873.jpg,10 50 100 50 100 150 10 150|110 150 200 150 200 250 110 250
drp.en_ko.in_house.selectstar_000609.jpg,10 50 100 50 100 150 10 150|110 150 200 150 200 250 110 250
drp.en_ko.in_house.selectstar_001916.jpg,10 50 100 50 100 150 10 150|110 150 200 150 200 250 110 250
drp.en_ko.in_house.selectstar_003957.jpg,10 50 100 50 100 150 10 150|110 150 200 150 200 250 110 250
drp.en_ko.in_house.selectstar_000995.jpg,10 50 100 50 100 150 10 150|110 150 200 150 200 250 110 250
drp.en_ko.in_house.selectstar_004158.jpg,10 50 100 50 100 150 10 150|110 150 200 150 200 250 110 250
drp.en_ko.in_house.selectstar_001767.jpg,10 50 100 50 100 150 10 150|110 150 200 150 200 250 110 250
drp.en_ko.in_house.selectstar_000511.jpg,10 50 100 50 100 150 10 150|110 150 200 150 200 250 110 250
drp.en_ko.in_house.selectstar_003625.jpg,10 50 100 50 100 150 10 150|110 150 200 150 200 250 110 250
drp.en_ko.in_house.selectstar_003046.jpg,10 50 100 50 100 150 10 150|110 150 200 150 200 250 110 250
drp.en_ko.in_house.selectstar_002561.jpg,10 50 100 50 100 150 10 150|110 150 200 150 200 250 110 250
drp.en_ko.in_house.selectstar_000349.jpg,10 50 100 50 100 150 10 150|110 150 200 150 200 250 110 250
drp.en_ko.in_house.selectstar_001881.jpg,10 50 100 50 100 150 10 150|110 150 200 150 200 250 110 250
drp.en_ko.in_house.selectstar_002931.jpg,10 50 100 50 100 150 10 150|110 150 200 150 200 250 110 250
drp.en_ko.in_house.selectstar_003669.jpg,10 50 100 50 100 150 10 150|110 150 200 150 200 250 110 250
drp.en_ko.in_house.selectstar_001012.jpg,10 50 100 50 100 150 10 150|110 150 200 150 200 250 110 250
drp.en_ko.in_house.selectstar_003311.jpg,10 50 100 50 100 150 10 150|110 150 200 150 200 250 110 250
drp.en_ko.in_house.selectstar_001780.jpg,10 50 100 50 100 150 10 150|110 150 200 150 200 250 110 250
drp.en_ko.in_house.selectstar_003834.jpg,10 50 100 50 100 150 10 150|110 150 200 150 200 250 110 250
drp.en_ko.in_house.selectstar_004019.jpg,10 50 100 50 100 150 10 150|110 150 200 150 200 250 110 250
drp.en_ko.in_house.selectstar_001226.jpg,10 50 100 50 100 150 10 150|110 150 200 150 200 250 110 250
drp.en_ko.in_house.selectstar_002059.jpg,10 50 100 50 100 150 10 150|110 150 200 150 200 250 110 250
drp.en_ko.in_house.selectstar_002339.jpg,10 50 100 50 100 150 10 150|110 150 200 150 200 250 110 250
drp.en_ko.in_house.selectstar_001613.jpg,10 50 100 50 100 150 10 150|110 150 200 150 200 250 110 250
drp.en_ko.in_house.selectstar_002010.jpg,10 50 100 50 100 150 10 150|110 150 200 150 200 250 110 250
drp.en_ko.in_house.selectstar_002654.jpg,10 50 100 50 100 150 10 150|110 150 200 150 200 250 110 250
drp.en_ko.in_house.selectstar_000918.jpg,10 50 100 50 100 150 10 150|110 150 200 150 200 250 110 250
drp.en_ko.in_house.selectstar_000870.jpg,10 50 100 50 100 150 10 150|110 150 200 150 200 250 110 250
drp.en_ko.in_house.selectstar_003765.jpg,10 50 100 50 100 150 10 150|110 150 200 150 200 250 110 250
drp.en_ko.in_house.selectstar_003356.jpg,10 50 100 50 100 150 10 150|110 150 200 150 200 250 110 250
drp.en_ko.in_house.selectstar_003222.jpg,10 50 100 50 100 150 10 150|110 150 200 150 200 250 110 250
drp.en_ko.in_house.selectstar_003767.jpg,10 50 100 50 100 150 10 150|110 150 200 150 200 250 110 250
drp.en_ko.in_house.selectstar_002317.jpg,10 50 100 50 100 150 10 150|110 150 200 150 200 250 110 250
drp.en_ko.in_house.selectstar_003702.jpg,10 50 100 50 100 150 10 150|110 150 200 150 200 250 110 250
drp.en_ko.in_house.selectstar_002009.jpg,10 50 100 50 100 150 10 150|110 150 200 150 200 250 110 250
drp.en_ko.in_house.selectstar_003713.jpg,10 50 100 50 100 150 10 150|110 150 200 150 200 250 110 250
drp.en_ko.in_house.selectstar_003619.jpg,10 50 100 50 100 150 10 150|110 150 200 150 200 250 110 250
drp.en_ko.in_house.selectstar_002972.jpg,10 50 100 50 100 150 10 150|110 150 200 150 200 250 110 250
drp.en_ko.in_house.selectstar_000282.jpg,10 50 100 50 100 150 10 150|110 150 200 150 200 250 110 250
drp.en_ko.in_house.selectstar_003223.jpg,10 50 100 50 100 150 10 150|110 150 200 150 200 250 110 250
drp.en_ko.in_house.selectstar_003654.jpg,10 50 100 50 100 150 10 150|110 150 200 150 200 250 110 250
drp.en_ko.in_house.selectstar_003219.jpg,10 50 100 50 100 150 10 150|110 150 200 150 200 250 110 250
drp.en_ko.in_house.selectstar_003485.jpg,10 50 100 50 100 150 10 150|110 150 200 150 200 250 110 250
drp.en_ko.in_house.selectstar_003709.jpg,10 50 100 50 100 150 10 150|110 150 200 150 200 250 110 250
drp.en_ko.in_house.selectstar_003104.jpg,10 50 100 50 100 150 10 150|110 150 200 150 200 250 110 250
drp.en_ko.in_house.selectstar_002346.jpg,10 50 100 50 100 150 10 150|110 150 200 150 200 250 110 250
drp.en_ko.in_house.selectstar_000500.jpg,10 50 100 50 100 150 10 150|110 150 200 150 200 250 110 250
drp.en_ko.in_house.selectstar_001992.jpg,10 50 100 50 100 150 10 150|110 150 200 150 200 250 110 250
