filename,hmean,precision,recall,gt_regions,pred_regions
drp.en_ko.in_house.selectstar_001418.jpg,0.6740041971206665,0.5591195225715637,0.8483099937438965,220,83
drp.en_ko.in_house.selectstar_000530.jpg,0.747016429901123,0.8483290672302246,0.6673209071159363,167,148
drp.en_ko.in_house.selectstar_000422.jpg,0.7878208160400391,0.6557863354682922,0.9864253401756287,54,63
drp.en_ko.in_house.selectstar_002135.jpg,0.7878810167312622,0.71875,0.8717253804206848,276,160
drp.en_ko.in_house.selectstar_000905.jpg,0.7906728982925415,0.8601321578025818,0.731593668460846,143,138
drp.en_ko.in_house.selectstar_000082.jpg,0.7946329712867737,0.9911308288574219,0.6631578803062439,124,81
drp.en_ko.in_house.selectstar_004063.jpg,0.7982332706451416,0.9445843696594238,0.6911487579345703,113,120
drp.en_ko.in_house.selectstar_002145.jpg,0.7988297343254089,0.868372917175293,0.7395994067192078,141,125
drp.en_ko.in_house.selectstar_002057.jpg,0.8065568804740906,0.7986871004104614,0.8145833611488342,120,95
drp.en_ko.in_house.selectstar_000482.jpg,0.8198620080947876,0.9276018142700195,0.7345454692840576,58,59
drp.en_ko.in_house.selectstar_000231.jpg,0.8254224061965942,0.8299531936645508,0.8209407925605774,134,131
drp.en_ko.in_house.selectstar_004123.jpg,0.8271048665046692,0.9876237511634827,0.7114695310592651,108,106
drp.en_ko.in_house.selectstar_002836.jpg,0.833684504032135,0.8430812954902649,0.8244949579238892,225,161
drp.en_ko.in_house.selectstar_001261.jpg,0.8373915553092957,0.752136766910553,0.9444444179534912,182,98
drp.en_ko.in_house.selectstar_000525.jpg,0.8419708609580994,0.8478893637657166,0.8361344337463379,196,165
drp.en_ko.in_house.selectstar_000237.jpg,0.843104362487793,0.902255654335022,0.7912317514419556,97,74
drp.en_ko.in_house.selectstar_001576.jpg,0.8431664109230042,0.8966565132141113,0.7956989407539368,134,127
drp.en_ko.in_house.selectstar_001914.jpg,0.8529497385025024,0.7841105461120605,0.9350393414497375,115,118
drp.en_ko.in_house.selectstar_003835.jpg,0.8592132329940796,0.9304932951927185,0.7980769276618958,136,136
drp.en_ko.in_house.selectstar_001754.jpg,0.8601119518280029,0.9555950164794922,0.7819767594337463,101,102
drp.en_ko.in_house.selectstar_001436.jpg,0.8623132109642029,0.9220430254936218,0.8098511099815369,140,117
drp.en_ko.in_house.selectstar_000959.jpg,0.8624553084373474,0.9323017597198486,0.8023450374603271,86,86
drp.en_ko.in_house.selectstar_000897.jpg,0.8639385104179382,0.9106382727622986,0.821794867515564,126,126
drp.en_ko.in_house.selectstar_000393.jpg,0.8671014904975891,0.990227997303009,0.7712082266807556,63,67
drp.en_ko.in_house.selectstar_000292.jpg,0.8686286807060242,0.9177877306938171,0.8244680762290955,160,153
drp.en_ko.in_house.selectstar_001192.jpg,0.8702055811882019,0.8430379629135132,0.8991825580596924,91,99
drp.en_ko.in_house.selectstar_000532.jpg,0.8731931447982788,0.9422110319137573,0.8135964870452881,107,112
drp.en_ko.in_house.selectstar_001166.jpg,0.8734016418457031,0.823699414730072,0.9294871687889099,65,84
drp.en_ko.in_house.selectstar_000701.jpg,0.8739386796951294,0.7784810066223145,0.9960784316062927,73,70
drp.en_ko.in_house.selectstar_003350.jpg,0.8747516870498657,0.8927789926528931,0.8574380278587341,99,85
drp.en_ko.in_house.selectstar_003064.jpg,0.8757801651954651,0.9274406433105469,0.8295711278915405,228,180
drp.en_ko.in_house.selectstar_000208.jpg,0.8768523931503296,0.8948127031326294,0.8595988750457764,102,143
drp.en_ko.in_house.selectstar_001969.jpg,0.8768719434738159,0.9133448600769043,0.8432000279426575,108,108
drp.en_ko.in_house.selectstar_001627.jpg,0.8800606727600098,0.8881356120109558,0.8721311688423157,93,92
drp.en_ko.in_house.selectstar_002888.jpg,0.8811823725700378,0.9728506803512573,0.8053016662597656,197,170
drp.en_ko.in_house.selectstar_000876.jpg,0.8822399377822876,0.9106901288032532,0.855513334274292,111,110
drp.en_ko.in_house.selectstar_001656.jpg,0.8831895589828491,0.9048192501068115,0.8625698089599609,180,158
drp.en_ko.in_house.selectstar_001586.jpg,0.8857861757278442,0.8358209133148193,0.942105233669281,218,117
drp.en_ko.in_house.selectstar_002210.jpg,0.8865400552749634,0.8376383781433105,0.9415056109428406,254,218
drp.en_ko.in_house.selectstar_001741.jpg,0.895582377910614,0.8544061183929443,0.9409282803535461,59,63
drp.en_ko.in_house.selectstar_003679.jpg,0.8977852463722229,0.9482936859130859,0.8523852229118347,137,107
drp.en_ko.in_house.selectstar_001075.jpg,0.9012566804885864,1.0,0.8202614188194275,59,58
drp.en_ko.in_house.selectstar_002106.jpg,0.9060816764831543,0.9058629274368286,0.9063004851341248,186,160
drp.en_ko.in_house.selectstar_002434.jpg,0.9067792892456055,0.9305301904678345,0.8842105269432068,108,114
drp.en_ko.in_house.selectstar_003938.jpg,0.9068020582199097,0.8646080493927002,0.9533255696296692,245,156
drp.en_ko.in_house.selectstar_001924.jpg,0.908108115196228,0.8737059831619263,0.9453303217887878,89,98
drp.en_ko.in_house.selectstar_003505.jpg,0.9111871123313904,0.9584837555885315,0.8683385848999023,152,120
drp.en_ko.in_house.selectstar_004147.jpg,0.9121108651161194,0.9053627848625183,0.9189602732658386,140,114
drp.en_ko.in_house.selectstar_002653.jpg,0.9140957593917847,0.9013539552688599,0.9272030591964722,118,101
drp.en_ko.in_house.selectstar_001300.jpg,0.9159249663352966,0.8710407018661499,0.9656862616539001,91,83
drp.en_ko.in_house.selectstar_003066.jpg,0.9166690707206726,0.9153094291687012,0.9180327653884888,234,176
drp.en_ko.in_house.selectstar_002191.jpg,0.9168072938919067,0.9471766948699951,0.8883248567581177,98,93
drp.en_ko.in_house.selectstar_003790.jpg,0.9182077646255493,0.8776041865348816,0.9627507328987122,82,86
drp.en_ko.in_house.selectstar_000620.jpg,0.9196770787239075,0.920195460319519,0.9191592335700989,155,148
drp.en_ko.in_house.selectstar_000627.jpg,0.9207167029380798,0.9559363722801208,0.8880000114440918,122,131
drp.en_ko.in_house.selectstar_002344.jpg,0.9207797050476074,0.8670309782028198,0.981632649898529,95,90
drp.en_ko.in_house.selectstar_000056.jpg,0.9226515889167786,0.905730128288269,0.9402173757553101,196,136
drp.en_ko.in_house.selectstar_000229.jpg,0.9229373931884766,0.9514018893241882,0.8961267471313477,104,108
drp.en_ko.in_house.selectstar_002204.jpg,0.924563467502594,0.9837209582328796,0.8721174001693726,111,118
drp.en_ko.in_house.selectstar_002859.jpg,0.9248805642127991,0.8864796161651611,0.9667590260505676,127,125
drp.en_ko.in_house.selectstar_001307.jpg,0.9259697198867798,0.9078498482704163,0.9448275566101074,72,66
drp.en_ko.in_house.selectstar_003466.jpg,0.9271049499511719,0.9204545617103577,0.9338521361351013,70,68
drp.en_ko.in_house.selectstar_000285.jpg,0.9278527498245239,0.9352359771728516,0.9205851554870605,195,158
drp.en_ko.in_house.selectstar_003813.jpg,0.9312474131584167,0.9894419312477112,0.8795180916786194,149,147
drp.en_ko.in_house.selectstar_001292.jpg,0.931265652179718,0.8966789841651917,0.9686274528503418,69,66
drp.en_ko.in_house.selectstar_002565.jpg,0.9313600063323975,0.969936728477478,0.8957346081733704,125,176
drp.en_ko.in_house.selectstar_002032.jpg,0.9320476651191711,0.8859315514564514,0.9832285046577454,98,95
drp.en_ko.in_house.selectstar_002413.jpg,0.9329081177711487,0.9073033928871155,0.9599999785423279,147,146
drp.en_ko.in_house.selectstar_002835.jpg,0.9340744018554688,0.9382715821266174,0.9299145340919495,131,120
drp.en_ko.in_house.selectstar_000643.jpg,0.9363076090812683,0.9142156839370728,0.9594936966896057,89,85
drp.en_ko.in_house.selectstar_001918.jpg,0.936802864074707,0.9409499168395996,0.932692289352417,183,132
drp.en_ko.in_house.selectstar_002508.jpg,0.9378878474235535,0.9493007063865662,0.9267461895942688,126,122
drp.en_ko.in_house.selectstar_000032.jpg,0.938045084476471,0.9409409165382385,0.9351670145988464,155,141
drp.en_ko.in_house.selectstar_003041.jpg,0.9389351010322571,0.9651567935943604,0.9141004681587219,121,109
drp.en_ko.in_house.selectstar_003112.jpg,0.9393391013145447,0.9618055820465088,0.9178981781005859,109,103
drp.en_ko.in_house.selectstar_004002.jpg,0.9394774436950684,0.9984025359153748,0.8871201276779175,143,155
drp.en_ko.in_house.selectstar_002099.jpg,0.9396096467971802,0.9590551257133484,0.9209370613098145,143,118
drp.en_ko.in_house.selectstar_000849.jpg,0.939957320690155,0.9616519212722778,0.9192200303077698,66,62
drp.en_ko.in_house.selectstar_001667.jpg,0.9403737187385559,0.9371795058250427,0.9435897469520569,145,138
drp.en_ko.in_house.selectstar_001113.jpg,0.9405067563056946,0.9292730689048767,0.9520153403282166,132,109
drp.en_ko.in_house.selectstar_000188.jpg,0.9416871666908264,0.8978978991508484,0.9899665713310242,70,79
drp.en_ko.in_house.selectstar_002494.jpg,0.9417643547058105,0.9229583740234375,0.9613526463508606,117,123
drp.en_ko.in_house.selectstar_003501.jpg,0.9419125914573669,0.9662731885910034,0.918749988079071,140,122
drp.en_ko.in_house.selectstar_002004.jpg,0.9419494867324829,0.902877688407898,0.9845559597015381,119,111
drp.en_ko.in_house.selectstar_002933.jpg,0.9419736862182617,0.9707057476043701,0.914893627166748,141,181
drp.en_ko.in_house.selectstar_002852.jpg,0.9421736001968384,0.9828926920890808,0.904694139957428,142,137
drp.en_ko.in_house.selectstar_002936.jpg,0.9427137970924377,0.9470046162605286,0.9384615421295166,212,178
drp.en_ko.in_house.selectstar_000030.jpg,0.9434261918067932,0.9437869787216187,0.9430657029151917,127,116
drp.en_ko.in_house.selectstar_001531.jpg,0.9438413977622986,0.94921875,0.938524603843689,68,90
drp.en_ko.in_house.selectstar_003113.jpg,0.9439442157745361,0.918367326259613,0.9709864854812622,108,101
drp.en_ko.in_house.selectstar_000973.jpg,0.9445359110832214,0.9547920227050781,0.9344978332519531,150,132
drp.en_ko.in_house.selectstar_002655.jpg,0.9451342225074768,0.993318498134613,0.9014084339141846,79,77
drp.en_ko.in_house.selectstar_000130.jpg,0.945195198059082,0.9730185270309448,0.9189189076423645,100,93
drp.en_ko.in_house.selectstar_000220.jpg,0.946320116519928,0.9037266969680786,0.993127167224884,64,69
drp.en_ko.in_house.selectstar_002158.jpg,0.9463226795196533,0.9439393877983093,0.9487179517745972,128,123
drp.en_ko.in_house.selectstar_000447.jpg,0.9472194910049438,0.9636678099632263,0.9313232898712158,92,93
drp.en_ko.in_house.selectstar_001106.jpg,0.9474931359291077,0.9441624283790588,0.9508474469184875,143,139
drp.en_ko.in_house.selectstar_002574.jpg,0.948297917842865,0.9594405889511108,0.9374110698699951,119,151
drp.en_ko.in_house.selectstar_001684.jpg,0.9484027624130249,0.935251772403717,0.9619289636611938,99,117
drp.en_ko.in_house.selectstar_002926.jpg,0.9484043717384338,0.9808917045593262,0.9179999828338623,121,126
drp.en_ko.in_house.selectstar_001792.jpg,0.9487760663032532,0.9548988938331604,0.9427312612533569,139,110
drp.en_ko.in_house.selectstar_001267.jpg,0.9494131803512573,0.9534050226211548,0.9454545378684998,75,81
drp.en_ko.in_house.selectstar_002630.jpg,0.9504930973052979,0.9471153616905212,0.953895092010498,124,115
drp.en_ko.in_house.selectstar_001856.jpg,0.9507647752761841,0.9322314262390137,0.9700499176979065,130,112
drp.en_ko.in_house.selectstar_001185.jpg,0.9509804844856262,0.9216417670249939,0.9822485446929932,135,133
drp.en_ko.in_house.selectstar_000162.jpg,0.9518604278564453,0.9903581142425537,0.9162436723709106,116,110
drp.en_ko.in_house.selectstar_003369.jpg,0.9525049328804016,0.9568345546722412,0.9482142925262451,100,111
drp.en_ko.in_house.selectstar_001306.jpg,0.9529495239257812,0.9274725317955017,0.9798657894134521,122,108
drp.en_ko.in_house.selectstar_003014.jpg,0.953058123588562,0.9403620958328247,0.9661017060279846,178,147
drp.en_ko.in_house.selectstar_000614.jpg,0.953276515007019,0.9618421196937561,0.9448621273040771,174,148
drp.en_ko.in_house.selectstar_002046.jpg,0.953285276889801,0.9194630980491638,0.9896907210350037,127,101
drp.en_ko.in_house.selectstar_000683.jpg,0.9533141255378723,0.9630177617073059,0.9438040256500244,132,125
drp.en_ko.in_house.selectstar_003801.jpg,0.9538447260856628,0.93108731508255,0.9777424335479736,118,115
drp.en_ko.in_house.selectstar_002658.jpg,0.954023003578186,0.9669902920722961,0.9413988590240479,103,103
drp.en_ko.in_house.selectstar_003262.jpg,0.9545140266418457,0.9699398875236511,0.9395711421966553,120,121
drp.en_ko.in_house.selectstar_001014.jpg,0.9547962546348572,0.9838998317718506,0.9273648858070374,120,123
drp.en_ko.in_house.selectstar_002609.jpg,0.9549905061721802,0.940246045589447,0.9702048301696777,109,127
drp.en_ko.in_house.selectstar_001951.jpg,0.9552597403526306,0.9315589070320129,0.9801980257034302,105,100
drp.en_ko.in_house.selectstar_001136.jpg,0.9557697176933289,0.982594907283783,0.9303703904151917,132,123
drp.en_ko.in_house.selectstar_000417.jpg,0.955974817276001,0.9854133129119873,0.9282442927360535,108,106
drp.en_ko.in_house.selectstar_003132.jpg,0.9559862613677979,0.9494773745536804,0.9625850319862366,140,118
drp.en_ko.in_house.selectstar_001423.jpg,0.95660001039505,0.973045825958252,0.9407008290290833,91,108
drp.en_ko.in_house.selectstar_000689.jpg,0.9578059911727905,0.9353612065315247,0.981354296207428,146,130
drp.en_ko.in_house.selectstar_000936.jpg,0.9578418135643005,0.943231463432312,0.9729119539260864,108,112
drp.en_ko.in_house.selectstar_001583.jpg,0.9582904577255249,0.9390756487846375,0.9783080220222473,115,114
drp.en_ko.in_house.selectstar_003228.jpg,0.9583784937858582,0.93113774061203,0.987261176109314,85,87
drp.en_ko.in_house.selectstar_000490.jpg,0.9585947394371033,1.0,0.9204819202423096,107,105
drp.en_ko.in_house.selectstar_001356.jpg,0.9591662883758545,0.9232245683670044,0.998019814491272,124,103
drp.en_ko.in_house.selectstar_001097.jpg,0.9595624804496765,0.9416282773017883,0.9781931638717651,125,109
drp.en_ko.in_house.selectstar_001756.jpg,0.9598378539085388,0.9267734289169312,0.9953488111495972,109,89
drp.en_ko.in_house.selectstar_000067.jpg,0.9606369137763977,0.9406593441963196,0.9814814925193787,81,87
drp.en_ko.in_house.selectstar_004039.jpg,0.9608557820320129,0.9719626307487488,0.949999988079071,127,135
drp.en_ko.in_house.selectstar_002092.jpg,0.9612458944320679,0.972176730632782,0.9505581855773926,131,129
drp.en_ko.in_house.selectstar_001809.jpg,0.9614584445953369,0.969298243522644,0.9537444710731506,123,140
drp.en_ko.in_house.selectstar_001432.jpg,0.9617718458175659,0.9490968585014343,0.9747899174690247,106,106
drp.en_ko.in_house.selectstar_001851.jpg,0.9621424078941345,0.9655172228813171,0.958791196346283,99,118
drp.en_ko.in_house.selectstar_002279.jpg,0.9629153609275818,0.936026930809021,0.9913941621780396,129,110
drp.en_ko.in_house.selectstar_002628.jpg,0.9634270668029785,0.9386423230171204,0.9895561337471008,165,127
drp.en_ko.in_house.selectstar_003203.jpg,0.9640938639640808,0.988394558429718,0.9409593939781189,110,112
drp.en_ko.in_house.selectstar_001687.jpg,0.9641312956809998,0.9416167736053467,0.9877488613128662,117,101
drp.en_ko.in_house.selectstar_002470.jpg,0.9642545580863953,0.9521016478538513,0.9767216444015503,209,172
drp.en_ko.in_house.selectstar_000272.jpg,0.9643349647521973,0.9405772686004639,0.9893238544464111,82,81
drp.en_ko.in_house.selectstar_000345.jpg,0.9654128551483154,0.9409780502319336,0.991150438785553,85,85
drp.en_ko.in_house.selectstar_002895.jpg,0.9657340049743652,0.9861538410186768,0.9461426734924316,170,160
drp.en_ko.in_house.selectstar_002490.jpg,0.9661762118339539,0.9437627792358398,0.9896801114082336,190,161
drp.en_ko.in_house.selectstar_001694.jpg,0.9662574529647827,0.9619651436805725,0.970588207244873,165,142
drp.en_ko.in_house.selectstar_000831.jpg,0.9668174982070923,0.9937984347343445,0.9412628412246704,134,126
drp.en_ko.in_house.selectstar_000127.jpg,0.9672787189483643,0.9452054500579834,0.9904076457023621,93,96
drp.en_ko.in_house.selectstar_000058.jpg,0.9673178791999817,0.9778911471366882,0.956970751285553,115,138
drp.en_ko.in_house.selectstar_003795.jpg,0.9674059748649597,0.95652174949646,0.9785407781600952,89,96
drp.en_ko.in_house.selectstar_001912.jpg,0.9683940410614014,0.9451074004173279,0.9928571581840515,208,165
drp.en_ko.in_house.selectstar_001360.jpg,0.9685387015342712,0.9859437942504883,0.9517374634742737,113,110
drp.en_ko.in_house.selectstar_002364.jpg,0.9689298272132874,1.0,0.9397321343421936,92,91
drp.en_ko.in_house.selectstar_002633.jpg,0.9690384864807129,0.9556962251663208,0.982758641242981,86,85
drp.en_ko.in_house.selectstar_002030.jpg,0.9690667986869812,0.9507246613502502,0.9881305694580078,85,81
drp.en_ko.in_house.selectstar_003135.jpg,0.9692997336387634,0.9450171589851379,0.9948630332946777,164,133
drp.en_ko.in_house.selectstar_003442.jpg,0.9698110818862915,0.9770992398262024,0.9626308083534241,97,93
drp.en_ko.in_house.selectstar_002872.jpg,0.9701127409934998,0.9668434858322144,0.9734042286872864,142,139
drp.en_ko.in_house.selectstar_003983.jpg,0.9707454442977905,0.9808153510093689,0.9608802199363708,60,77
drp.en_ko.in_house.selectstar_003639.jpg,0.9708247780799866,0.9955947399139404,0.947257399559021,113,114
drp.en_ko.in_house.selectstar_002168.jpg,0.9710590839385986,0.9527559280395508,0.9900793433189392,115,102
drp.en_ko.in_house.selectstar_003133.jpg,0.971872091293335,0.9900744557380676,0.9543269276618958,101,103
drp.en_ko.in_house.selectstar_001975.jpg,0.9719078540802002,0.995184600353241,0.9496951103210449,111,105
drp.en_ko.in_house.selectstar_002877.jpg,0.9719887375831604,0.9841688871383667,0.960106372833252,82,97
drp.en_ko.in_house.selectstar_003326.jpg,0.9721854329109192,1.0,0.9458763003349304,69,70
drp.en_ko.in_house.selectstar_003120.jpg,0.9724864363670349,0.9828392863273621,0.9623494148254395,158,147
drp.en_ko.in_house.selectstar_003592.jpg,0.9726096391677856,0.9634146094322205,0.9819819927215576,70,58
drp.en_ko.in_house.selectstar_000608.jpg,0.9727463126182556,0.9576923251152039,0.98828125,102,91
drp.en_ko.in_house.selectstar_002313.jpg,0.9728760719299316,0.9777777791023254,0.9680232405662537,144,140
drp.en_ko.in_house.selectstar_000373.jpg,0.9729423522949219,0.9636650681495667,0.9824000000953674,112,109
drp.en_ko.in_house.selectstar_002596.jpg,0.9731070399284363,0.9528571367263794,0.9942362904548645,174,151
drp.en_ko.in_house.selectstar_002592.jpg,0.9737160205841064,0.9884225726127625,0.9594405889511108,140,124
drp.en_ko.in_house.selectstar_000623.jpg,0.9738199710845947,0.9752941131591797,0.9723502397537231,138,122
drp.en_ko.in_house.selectstar_001470.jpg,0.9739627838134766,0.9712643623352051,0.9766764044761658,98,104
drp.en_ko.in_house.selectstar_003068.jpg,0.9740259051322937,0.97947758436203,0.9686346650123596,118,119
drp.en_ko.in_house.selectstar_002800.jpg,0.9742656350135803,0.9567809104919434,0.9924012422561646,158,150
drp.en_ko.in_house.selectstar_001164.jpg,0.9748531579971313,0.9975550174713135,0.9531615972518921,113,111
drp.en_ko.in_house.selectstar_001272.jpg,0.9749916195869446,0.9911816716194153,0.9593220353126526,109,105
drp.en_ko.in_house.selectstar_000862.jpg,0.9751520752906799,0.9764705896377563,0.9738371968269348,96,92
drp.en_ko.in_house.selectstar_003741.jpg,0.9752621650695801,0.9665071964263916,0.9841772317886353,139,120
drp.en_ko.in_house.selectstar_001222.jpg,0.9752830266952515,0.9786096215248108,0.9719789624214172,91,83
drp.en_ko.in_house.selectstar_001587.jpg,0.9756818413734436,0.9793814420700073,0.9720101952552795,106,103
drp.en_ko.in_house.selectstar_000606.jpg,0.9761244654655457,0.9795454740524292,0.9727272987365723,106,110
drp.en_ko.in_house.selectstar_001168.jpg,0.9763342142105103,0.9644588232040405,0.9885057210922241,109,104
drp.en_ko.in_house.selectstar_003363.jpg,0.9765720963478088,0.997481107711792,0.95652174949646,72,72
drp.en_ko.in_house.selectstar_001930.jpg,0.9766154885292053,0.9836333990097046,0.9696969985961914,141,131
drp.en_ko.in_house.selectstar_001927.jpg,0.9767330288887024,0.9632183909416199,0.9906322956085205,98,94
drp.en_ko.in_house.selectstar_001947.jpg,0.9769251346588135,0.9930192232131958,0.9613445401191711,119,116
drp.en_ko.in_house.selectstar_003097.jpg,0.9769349098205566,0.9579287767410278,0.9967105388641357,61,56
drp.en_ko.in_house.selectstar_002308.jpg,0.9770161509513855,0.9830247163772583,0.9710806608200073,102,103
drp.en_ko.in_house.selectstar_003901.jpg,0.9770354628562927,0.9894291758537292,0.9649484753608704,110,110
drp.en_ko.in_house.selectstar_000792.jpg,0.9773156642913818,0.9923224449157715,0.9627560377120972,93,94
drp.en_ko.in_house.selectstar_003172.jpg,0.9774476289749146,0.98740154504776,0.9676923155784607,141,138
drp.en_ko.in_house.selectstar_001574.jpg,0.9778491258621216,0.9892933368682861,0.9666666388511658,92,88
drp.en_ko.in_house.selectstar_002732.jpg,0.9779559373855591,0.9638854265213013,0.992443323135376,177,165
drp.en_ko.in_house.selectstar_000597.jpg,0.9780139923095703,0.9732824563980103,0.9827916026115417,156,149
drp.en_ko.in_house.selectstar_000064.jpg,0.9782969355583191,0.9984227418899536,0.9589665532112122,106,105
drp.en_ko.in_house.selectstar_003004.jpg,0.979047417640686,0.9958419799804688,0.9628099203109741,81,94
drp.en_ko.in_house.selectstar_003581.jpg,0.9792471528053284,0.9740932583808899,0.984455943107605,101,97
drp.en_ko.in_house.selectstar_001427.jpg,0.9793514609336853,0.9640287756919861,0.9951691031455994,92,82
drp.en_ko.in_house.selectstar_002731.jpg,0.9794154763221741,0.9683257937431335,0.9907621145248413,92,96
drp.en_ko.in_house.selectstar_001903.jpg,0.9795523881912231,0.9865853786468506,0.9726190567016602,186,173
drp.en_ko.in_house.selectstar_001793.jpg,0.9798299670219421,0.974452555179596,0.9852670431137085,100,103
drp.en_ko.in_house.selectstar_003241.jpg,0.9798450469970703,0.9753086566925049,0.9844236969947815,76,76
drp.en_ko.in_house.selectstar_003180.jpg,0.9801225662231445,0.9742063283920288,0.9861111044883728,76,74
drp.en_ko.in_house.selectstar_000318.jpg,0.9802850484848022,0.9833159446716309,0.9772727489471436,142,142
drp.en_ko.in_house.selectstar_003386.jpg,0.9806723594665527,0.9676945805549622,0.9940029978752136,103,99
drp.en_ko.in_house.selectstar_002202.jpg,0.9808511137962341,1.0,0.962421715259552,101,101
drp.en_ko.in_house.selectstar_002610.jpg,0.9811906218528748,0.9738562107086182,0.9886363744735718,149,136
drp.en_ko.in_house.selectstar_001281.jpg,0.9814853072166443,0.9749631881713867,0.988095223903656,123,124
drp.en_ko.in_house.selectstar_002269.jpg,0.9814897775650024,0.977750301361084,0.9852579832077026,165,153
drp.en_ko.in_house.selectstar_000288.jpg,0.9816243052482605,0.9709784388542175,0.9925062656402588,226,205
drp.en_ko.in_house.selectstar_000488.jpg,0.9816513061523438,0.9697884917259216,0.9938080310821533,77,77
drp.en_ko.in_house.selectstar_001375.jpg,0.9819106459617615,0.9792208075523376,0.9846153855323792,146,131
drp.en_ko.in_house.selectstar_001822.jpg,0.9819179773330688,0.9803328514099121,0.9835082292556763,151,142
drp.en_ko.in_house.selectstar_001526.jpg,0.9820359349250793,0.980079710483551,0.984000027179718,73,73
drp.en_ko.in_house.selectstar_003038.jpg,0.9821942448616028,0.9723076820373535,0.9922839403152466,136,125
drp.en_ko.in_house.selectstar_003086.jpg,0.9823874831199646,0.9653846025466919,1.0,100,84
drp.en_ko.in_house.selectstar_001581.jpg,0.9826710224151611,0.9674796462059021,0.9983471035957336,108,102
drp.en_ko.in_house.selectstar_002663.jpg,0.9828824996948242,0.9867374300956726,0.9790576100349426,154,149
drp.en_ko.in_house.selectstar_000925.jpg,0.9830641150474548,0.9814241528511047,0.9847095012664795,155,145
drp.en_ko.in_house.selectstar_001000.jpg,0.9831081032752991,0.978151261806488,0.9881154298782349,71,71
drp.en_ko.in_house.selectstar_003576.jpg,0.9831251502037048,0.989830493927002,0.9765100479125977,132,135
drp.en_ko.in_house.selectstar_002530.jpg,0.9831703305244446,0.9812734127044678,0.9850746393203735,123,119
drp.en_ko.in_house.selectstar_002966.jpg,0.9831924438476562,0.9819121360778809,0.9844760894775391,114,113
drp.en_ko.in_house.selectstar_003377.jpg,0.9833585619926453,0.9672619104385376,1.0,81,82
drp.en_ko.in_house.selectstar_002677.jpg,0.9834848046302795,0.9865671396255493,0.9804216623306274,91,107
drp.en_ko.in_house.selectstar_002954.jpg,0.9835575819015503,0.9676470756530762,1.0,146,124
drp.en_ko.in_house.selectstar_002067.jpg,0.9835865497589111,0.9694244861602783,0.9981684684753418,112,110
drp.en_ko.in_house.selectstar_003913.jpg,0.9837179780006409,0.990755021572113,0.9767801761627197,96,109
drp.en_ko.in_house.selectstar_003613.jpg,0.9838745594024658,0.9946714043617249,0.9733096361160278,101,114
drp.en_ko.in_house.selectstar_002914.jpg,0.9839486479759216,0.9684044122695923,1.0,107,87
drp.en_ko.in_house.selectstar_001139.jpg,0.9840635061264038,0.9762375950813293,0.9920159578323364,127,123
drp.en_ko.in_house.selectstar_002370.jpg,0.9841859936714172,0.9809523820877075,0.9874411225318909,146,134
drp.en_ko.in_house.selectstar_001790.jpg,0.9842077493667603,0.977477490901947,0.9910314083099365,104,96
drp.en_ko.in_house.selectstar_001256.jpg,0.9842519760131836,0.9881423115730286,0.9803921580314636,88,89
drp.en_ko.in_house.selectstar_002528.jpg,0.9842570424079895,0.9834162592887878,0.9850993156433105,136,134
drp.en_ko.in_house.selectstar_002713.jpg,0.9846373796463013,0.9752380847930908,0.9942196607589722,96,92
drp.en_ko.in_house.selectstar_003949.jpg,0.984687864780426,1.0,0.9698376059532166,84,83
drp.en_ko.in_house.selectstar_000284.jpg,0.9847860932350159,0.9923273921012878,0.9773585200309753,110,110
drp.en_ko.in_house.selectstar_001380.jpg,0.9848342537879944,0.9899749159812927,0.9797468185424805,94,104
drp.en_ko.in_house.selectstar_002232.jpg,0.9849119782447815,0.9792147874832153,0.9906759858131409,132,132
drp.en_ko.in_house.selectstar_002506.jpg,0.9849860668182373,0.9833333492279053,0.9866443872451782,134,135
drp.en_ko.in_house.selectstar_003165.jpg,0.9850010275840759,0.9786324501037598,0.9914529919624329,63,60
drp.en_ko.in_house.selectstar_000283.jpg,0.9850414991378784,0.9755244851112366,0.9947460889816284,98,89
drp.en_ko.in_house.selectstar_004078.jpg,0.9850943684577942,0.9801980257034302,0.9900398254394531,112,112
drp.en_ko.in_house.selectstar_004182.jpg,0.9851124882698059,0.9895287752151489,0.9807355403900146,127,137
drp.en_ko.in_house.selectstar_003927.jpg,0.985423743724823,0.9828473329544067,0.9880136847496033,138,134
drp.en_ko.in_house.selectstar_002593.jpg,0.9857279062271118,0.9885495901107788,0.9829221963882446,110,112
drp.en_ko.in_house.selectstar_002766.jpg,0.9857651591300964,0.9719298481941223,1.0,94,87
drp.en_ko.in_house.selectstar_001831.jpg,0.9860772490501404,0.9749373197555542,0.997474730014801,82,77
drp.en_ko.in_house.selectstar_001248.jpg,0.9862348437309265,0.9728434681892395,1.0,126,113
drp.en_ko.in_house.selectstar_003634.jpg,0.9862452745437622,0.9831804037094116,0.9893292784690857,124,119
drp.en_ko.in_house.selectstar_002882.jpg,0.9862671494483948,0.9822294116020203,0.990338146686554,147,140
drp.en_ko.in_house.selectstar_001107.jpg,0.9863198399543762,0.9801980257034302,0.9925187230110168,115,114
drp.en_ko.in_house.selectstar_003349.jpg,0.9865192174911499,0.9782971739768982,0.9948805570602417,120,130
drp.en_ko.in_house.selectstar_004186.jpg,0.9867231845855713,0.9759299755096436,0.9977578520774841,101,106
drp.en_ko.in_house.selectstar_001210.jpg,0.9868865609169006,0.9855072498321533,0.9882698059082031,72,76
drp.en_ko.in_house.selectstar_003506.jpg,0.9868897795677185,0.9846827387809753,0.9891067743301392,109,106
drp.en_ko.in_house.selectstar_000950.jpg,0.9871078729629517,0.9987562298774719,0.9757281541824341,125,123
drp.en_ko.in_house.selectstar_003226.jpg,0.9872694611549377,0.9813559055328369,0.9932546615600586,126,115
drp.en_ko.in_house.selectstar_003955.jpg,0.9873316287994385,0.9873015880584717,0.9873617887496948,135,132
drp.en_ko.in_house.selectstar_001392.jpg,0.9874903559684753,0.980663001537323,0.994413435459137,61,63
drp.en_ko.in_house.selectstar_000351.jpg,0.9875167608261108,0.9867647290229797,0.9882698059082031,130,127
drp.en_ko.in_house.selectstar_000827.jpg,0.9875311851501465,1.0,0.9753694534301758,48,53
drp.en_ko.in_house.selectstar_002521.jpg,0.9875341057777405,0.9826839566230774,0.9924324154853821,138,126
drp.en_ko.in_house.selectstar_003569.jpg,0.9876968860626221,0.9950617551803589,0.980440080165863,82,84
drp.en_ko.in_house.selectstar_002920.jpg,0.9877271056175232,0.9849931597709656,0.9904761910438538,139,132
drp.en_ko.in_house.selectstar_003875.jpg,0.988048255443573,0.9792284965515137,0.9970282316207886,119,108
drp.en_ko.in_house.selectstar_002814.jpg,0.9881119132041931,0.9857142567634583,0.9905213117599487,95,92
drp.en_ko.in_house.selectstar_003382.jpg,0.9886095523834229,0.9808695912361145,0.9964726567268372,125,126
drp.en_ko.in_house.selectstar_003904.jpg,0.9888094663619995,0.9814814925193787,0.9962476491928101,100,99
drp.en_ko.in_house.selectstar_002711.jpg,0.9888968467712402,0.9846677780151367,0.9931623935699463,123,121
drp.en_ko.in_house.selectstar_002603.jpg,0.9890590906143188,0.9783549904823303,1.0,103,96
drp.en_ko.in_house.selectstar_003087.jpg,0.9891255497932434,0.9912472367286682,0.9870129823684692,77,74
drp.en_ko.in_house.selectstar_002253.jpg,0.9891257286071777,0.9956140518188477,0.9827213883399963,104,101
drp.en_ko.in_house.selectstar_003333.jpg,0.9891396760940552,0.9870410561561584,0.9912472367286682,68,76
drp.en_ko.in_house.selectstar_000310.jpg,0.9893180131912231,0.9788618087768555,1.0,119,106
drp.en_ko.in_house.selectstar_000716.jpg,0.989345908164978,0.9910873174667358,0.9876106381416321,103,101
drp.en_ko.in_house.selectstar_003596.jpg,0.9893975257873535,0.9911032319068909,0.9876977205276489,132,126
drp.en_ko.in_house.selectstar_003985.jpg,0.9894643425941467,0.9970059990882874,0.9820359349250793,79,84
drp.en_ko.in_house.selectstar_002020.jpg,0.9895492792129517,0.9947368502616882,0.984415590763092,84,81
drp.en_ko.in_house.selectstar_003373.jpg,0.9895749688148499,0.9919614195823669,0.9872000217437744,80,79
drp.en_ko.in_house.selectstar_003750.jpg,0.9895766973495483,0.9910447597503662,0.9881129264831543,106,105
drp.en_ko.in_house.selectstar_003903.jpg,0.9896230101585388,0.9837996959686279,0.9955157041549683,150,154
drp.en_ko.in_house.selectstar_001357.jpg,0.9896465539932251,0.9943181872367859,0.9850187301635742,95,94
drp.en_ko.in_house.selectstar_000423.jpg,0.9898303151130676,0.9966158866882324,0.9831365942955017,81,88
drp.en_ko.in_house.selectstar_003930.jpg,0.9900583624839783,0.9945454597473145,0.9856114983558655,127,126
drp.en_ko.in_house.selectstar_003658.jpg,0.9904835820198059,0.9945504069328308,0.9864498376846313,76,76
drp.en_ko.in_house.selectstar_003044.jpg,0.9905696511268616,0.9941520690917969,0.9870129823684692,168,163
drp.en_ko.in_house.selectstar_000691.jpg,0.9906313419342041,0.9942196607589722,0.9870689511299133,113,114
drp.en_ko.in_house.selectstar_004170.jpg,0.9908170104026794,0.9934123754501343,0.9882352948188782,143,143
drp.en_ko.in_house.selectstar_002652.jpg,0.9908496737480164,0.9818652868270874,1.0,83,76
drp.en_ko.in_house.selectstar_002068.jpg,0.9910072088241577,0.9821746945381165,1.0,119,115
drp.en_ko.in_house.selectstar_002377.jpg,0.9910632967948914,0.9903581142425537,0.991769552230835,121,117
drp.en_ko.in_house.selectstar_001569.jpg,0.9912295341491699,0.9850373864173889,0.9975000023841858,94,91
drp.en_ko.in_house.selectstar_000688.jpg,0.9913941025733948,0.9829351305961609,1.0,117,112
drp.en_ko.in_house.selectstar_004096.jpg,0.9915044903755188,0.9873060584068298,0.9957386255264282,104,104
drp.en_ko.in_house.selectstar_003770.jpg,0.9915283918380737,0.987730085849762,0.995356023311615,144,148
drp.en_ko.in_house.selectstar_000596.jpg,0.9916795492172241,0.9958419799804688,0.9875518679618835,105,109
drp.en_ko.in_house.selectstar_000832.jpg,0.9922498464584351,0.9887323975563049,0.9957924485206604,127,118
drp.en_ko.in_house.selectstar_001476.jpg,0.9923174977302551,0.9923076629638672,0.9923273921012878,85,85
drp.en_ko.in_house.selectstar_002065.jpg,0.9923484325408936,0.9848130941390991,1.0,124,123
drp.en_ko.in_house.selectstar_000795.jpg,0.9923698902130127,0.9984709620475769,0.9863429665565491,92,95
drp.en_ko.in_house.selectstar_003626.jpg,0.9924061894416809,0.9961832165718079,0.9886578321456909,113,111
drp.en_ko.in_house.selectstar_003313.jpg,0.9925925731658936,0.9894514679908752,0.9957537055015564,102,102
drp.en_ko.in_house.selectstar_000644.jpg,0.9927113652229309,0.9985337257385254,0.9869565367698669,125,126
drp.en_ko.in_house.selectstar_003096.jpg,0.9927164912223816,0.995121955871582,0.9903225898742676,143,140
drp.en_ko.in_house.selectstar_000901.jpg,0.9927762150764465,0.9887999892234802,0.9967845678329468,141,141
drp.en_ko.in_house.selectstar_004190.jpg,0.992785632610321,0.9975786805152893,0.9880383014678955,75,73
drp.en_ko.in_house.selectstar_000431.jpg,0.9929521083831787,0.9882903695106506,0.9976580739021301,71,67
drp.en_ko.in_house.selectstar_002001.jpg,0.9929851293563843,0.9906759858131409,0.9953051805496216,85,87
drp.en_ko.in_house.selectstar_001504.jpg,0.9932885766029358,1.0,0.9866666793823242,89,89
drp.en_ko.in_house.selectstar_004102.jpg,0.9933899641036987,0.9962121248245239,0.9905837774276733,107,105
drp.en_ko.in_house.selectstar_003509.jpg,0.9934272766113281,0.9887850284576416,0.998113214969635,116,119
drp.en_ko.in_house.selectstar_003388.jpg,0.9934980273246765,0.997389018535614,0.9896373152732849,67,67
drp.en_ko.in_house.selectstar_003821.jpg,0.9935124516487122,1.0,0.9871086478233337,83,82
drp.en_ko.in_house.selectstar_000887.jpg,0.9935466647148132,0.9948186278343201,0.992277979850769,133,130
drp.en_ko.in_house.selectstar_003062.jpg,0.9935483932495117,0.9897172451019287,0.9974093437194824,78,80
drp.en_ko.in_house.selectstar_003211.jpg,0.9935795068740845,0.9872408509254456,1.0,134,126
drp.en_ko.in_house.selectstar_003257.jpg,0.9937155246734619,0.9982046484947205,0.989266574382782,132,135
drp.en_ko.in_house.selectstar_002626.jpg,0.9938347935676575,1.0,0.9877451062202454,87,86
drp.en_ko.in_house.selectstar_003492.jpg,0.9940357208251953,0.9920477271080017,0.9960317611694336,101,98
drp.en_ko.in_house.selectstar_001465.jpg,0.9941214919090271,0.9960784316062927,0.9921721816062927,83,84
drp.en_ko.in_house.selectstar_003039.jpg,0.9942628741264343,0.9901960492134094,0.9983633160591125,121,118
drp.en_ko.in_house.selectstar_002442.jpg,0.9942709803581238,0.9934533834457397,0.9950900077819824,110,109
drp.en_ko.in_house.selectstar_001768.jpg,0.994301974773407,0.9905303120613098,0.9981024861335754,112,109
drp.en_ko.in_house.selectstar_004010.jpg,0.9944018721580505,0.9952152967453003,0.9935897588729858,135,139
drp.en_ko.in_house.selectstar_003191.jpg,0.9945283532142639,0.9956236481666565,0.9934354424476624,82,84
drp.en_ko.in_house.selectstar_000307.jpg,0.994550347328186,0.9981850981712341,0.9909420013427734,81,85
drp.en_ko.in_house.selectstar_000825.jpg,0.9945799112319946,0.9959294199943542,0.9932340979576111,126,126
drp.en_ko.in_house.selectstar_004134.jpg,0.9945909380912781,0.9945799708366394,0.9946019053459167,104,101
drp.en_ko.in_house.selectstar_000733.jpg,0.9946409463882446,0.9978494644165039,0.9914529919624329,74,74
drp.en_ko.in_house.selectstar_002406.jpg,0.9947655200958252,0.995502233505249,0.9940298795700073,171,169
drp.en_ko.in_house.selectstar_003305.jpg,0.9948697090148926,0.9959016442298889,0.9938398599624634,107,111
drp.en_ko.in_house.selectstar_002396.jpg,0.9950041174888611,0.994991660118103,0.9950166344642639,109,106
drp.en_ko.in_house.selectstar_002975.jpg,0.9951573610305786,0.9951573610305786,0.9951573610305786,73,75
drp.en_ko.in_house.selectstar_004025.jpg,0.9951961636543274,0.9920127987861633,0.9983999729156494,117,115
drp.en_ko.in_house.selectstar_003676.jpg,0.9952855110168457,0.99842768907547,0.9921630024909973,107,109
drp.en_ko.in_house.selectstar_002843.jpg,0.9953271150588989,1.0,0.9906976819038391,92,90
drp.en_ko.in_house.selectstar_002908.jpg,0.9954441785812378,0.9954338073730469,0.9954545497894287,97,95
drp.en_ko.in_house.selectstar_001167.jpg,0.99546217918396,0.9931972622871399,0.9977375268936157,117,114
drp.en_ko.in_house.selectstar_002463.jpg,0.9954853653907776,0.9910112619400024,1.0,124,120
drp.en_ko.in_house.selectstar_000007.jpg,0.9954878687858582,0.9977426528930664,0.9932432174682617,76,78
drp.en_ko.in_house.selectstar_000713.jpg,0.9956236481666565,0.9956204295158386,0.9956268072128296,105,104
drp.en_ko.in_house.selectstar_000953.jpg,0.9956395030021667,0.9956331849098206,0.9956458806991577,136,134
drp.en_ko.in_house.selectstar_003649.jpg,0.9956408143043518,0.9913194179534912,1.0,102,99
drp.en_ko.in_house.selectstar_002978.jpg,0.9957671761512756,0.9957627058029175,0.9957716464996338,94,93
drp.en_ko.in_house.selectstar_002184.jpg,0.9957947731018066,0.9916247725486755,1.0,140,140
drp.en_ko.in_house.selectstar_003954.jpg,0.9960106015205383,0.9920529723167419,1.0,138,135
drp.en_ko.in_house.selectstar_003183.jpg,0.9960222840309143,0.995230495929718,0.9968152642250061,128,129
drp.en_ko.in_house.selectstar_004127.jpg,0.9960278272628784,0.9940476417541504,0.9980158805847168,105,103
drp.en_ko.in_house.selectstar_002392.jpg,0.9960845708847046,0.9921996593475342,1.0,117,118
drp.en_ko.in_house.selectstar_000930.jpg,0.9961455464363098,0.9974358677864075,0.9948586225509644,80,82
drp.en_ko.in_house.selectstar_002608.jpg,0.9962441325187683,0.998123824596405,0.9943714737892151,93,95
drp.en_ko.in_house.selectstar_003325.jpg,0.9962453246116638,0.9925187230110168,1.0,77,74
drp.en_ko.in_house.selectstar_002371.jpg,0.9963548183441162,1.0,0.9927361011505127,82,81
drp.en_ko.in_house.selectstar_003319.jpg,0.9963669776916504,0.9945553541183472,0.9981850981712341,113,112
drp.en_ko.in_house.selectstar_000561.jpg,0.996532142162323,0.9972260594367981,0.9958391189575195,99,101
drp.en_ko.in_house.selectstar_001597.jpg,0.9965397715568542,0.9931034445762634,1.0,105,105
drp.en_ko.in_house.selectstar_002378.jpg,0.9965636134147644,0.9931507110595703,1.0,114,117
drp.en_ko.in_house.selectstar_000886.jpg,0.9965928196907043,1.0,0.9932088255882263,98,97
drp.en_ko.in_house.selectstar_002222.jpg,0.9967036843299866,0.9950576424598694,0.9983552694320679,116,113
drp.en_ko.in_house.selectstar_003421.jpg,0.9969480633735657,1.0,0.993914783000946,104,104
drp.en_ko.in_house.selectstar_004145.jpg,0.9970014691352844,0.9970059990882874,0.9969969987869263,72,73
drp.en_ko.in_house.selectstar_000678.jpg,0.9970059990882874,0.9940298795700073,1.0,53,54
drp.en_ko.in_house.selectstar_002403.jpg,0.9970149397850037,0.9940476417541504,1.0,127,125
drp.en_ko.in_house.selectstar_003272.jpg,0.997092068195343,0.9961240291595459,0.998062014579773,102,101
drp.en_ko.in_house.selectstar_003752.jpg,0.9970926642417908,0.9965116381645203,0.9976744055747986,121,119
drp.en_ko.in_house.selectstar_002726.jpg,0.9972524642944336,0.9967032670974731,0.997802197933197,154,153
drp.en_ko.in_house.selectstar_003629.jpg,0.9972621202468872,0.99589604139328,0.99863201379776,122,121
drp.en_ko.in_house.selectstar_000638.jpg,0.9972825646400452,1.0,0.9945799708366394,109,111
drp.en_ko.in_house.selectstar_000640.jpg,0.9973118305206299,1.0,0.9946380853652954,105,107
drp.en_ko.in_house.selectstar_000355.jpg,0.9974160194396973,1.0,0.9948453903198242,58,58
drp.en_ko.in_house.selectstar_002109.jpg,0.9974329471588135,0.9969199299812317,0.9979466199874878,171,170
drp.en_ko.in_house.selectstar_004015.jpg,0.9974726438522339,1.0,0.9949579834938049,97,98
drp.en_ko.in_house.selectstar_002799.jpg,0.9975470304489136,0.995106041431427,1.0,118,115
drp.en_ko.in_house.selectstar_000046.jpg,0.9978535771369934,0.9985693693161011,0.9971387982368469,104,105
drp.en_ko.in_house.selectstar_000962.jpg,0.9978902339935303,1.0,0.9957894682884216,92,94
drp.en_ko.in_house.selectstar_000711.jpg,0.9980154633522034,0.9973545074462891,0.9986772537231445,112,112
drp.en_ko.in_house.selectstar_000150.jpg,0.9980410933494568,0.9980430603027344,0.998039186000824,104,106
drp.en_ko.in_house.selectstar_002272.jpg,0.9980915784835815,0.9961904883384705,1.0,111,109
drp.en_ko.in_house.selectstar_002118.jpg,0.9981752038002014,0.9963570237159729,1.0,120,122
drp.en_ko.in_house.selectstar_003971.jpg,0.9984326362609863,1.0,0.9968701004981995,127,129
drp.en_ko.in_house.selectstar_003535.jpg,0.9985337257385254,0.9970717430114746,1.0,138,136
drp.en_ko.in_house.selectstar_000388.jpg,0.998735785484314,1.0,0.997474730014801,66,66
drp.en_ko.in_house.selectstar_003032.jpg,0.998769998550415,0.9975429773330688,1.0,62,63
drp.en_ko.in_house.selectstar_003736.jpg,0.9988419413566589,0.9988412261009216,0.9988425970077515,132,131
drp.en_ko.in_house.selectstar_004118.jpg,0.9988465905189514,0.9976958632469177,1.0,78,79
drp.en_ko.in_house.selectstar_000766.jpg,0.9988776445388794,0.9977578520774841,1.0,104,103
drp.en_ko.in_house.selectstar_002624.jpg,0.9990089535713196,1.0,0.998019814491272,91,92
drp.en_ko.in_house.selectstar_000526.jpg,0.9990089535713196,0.998019814491272,1.0,78,77
drp.en_ko.in_house.selectstar_003527.jpg,0.9990338087081909,0.9980695247650146,1.0,106,107
drp.en_ko.in_house.selectstar_000741.jpg,0.9992452263832092,0.9984917044639587,1.0,95,94
drp.en_ko.in_house.selectstar_003899.jpg,0.9994447231292725,1.0,0.9988901019096375,136,137
drp.en_ko.in_house.selectstar_000513.jpg,1.0,1.0,1.0,74,74
drp.en_ko.in_house.selectstar_000860.jpg,1.0,1.0,1.0,78,78
drp.en_ko.in_house.selectstar_001129.jpg,1.0,1.0,1.0,97,97
drp.en_ko.in_house.selectstar_002161.jpg,1.0,1.0,1.0,77,77
drp.en_ko.in_house.selectstar_002230.jpg,1.0,1.0,1.0,105,105
drp.en_ko.in_house.selectstar_003478.jpg,1.0,1.0,1.0,80,80
drp.en_ko.in_house.selectstar_003694.jpg,1.0,1.0,1.0,107,107
drp.en_ko.in_house.selectstar_003825.jpg,1.0,1.0,1.0,88,88
drp.en_ko.in_house.selectstar_004004.jpg,1.0,1.0,1.0,68,68
